url,title,status,processed_at,content_hash,file_path
https://velog.io/@euisuk-chung/TREND-Google-Cloud-2025-AI-business-trend,[TREND] Google Cloud 2025 AI business trendì„œì¿ Â·ì–´ì œíŒ”ë¡œìš°1ITì§€ì‹trend-review11. ë©€í‹°ëª¨ë‹¬ AI: ë§¥ë½ì˜ í˜ì„ ë°œíœ˜2. AI ì—ì´ì „íŠ¸: ì±—ë´‡ì—ì„œ ë‹¤ì¤‘ ì—ì´ì „íŠ¸ ì‹œìŠ¤í…œìœ¼ë¡œ ì§„í™”3. AI ë³´ì¡° ê²€ìƒ‰(Assistive Search): ì§€ì‹ ì‘ì—…ì˜ ìƒˆë¡œìš´ í”„ë¡ í‹°ì–´4. AI ê¸°ë°˜ ê³ ê° ê²½í—˜(CX): ë§¤ë„ëŸ½ê³  ê°œì¸í™”ëœ ê²½í—˜5. AIë¥¼ í†µí•œ ë³´ì•ˆ ê°•í™”ê²°ë¡ ITì§€ì‹ëª©ë¡ ë³´ê¸°12/12,success,2024-12-21 17:33:17.618153,,
https://velog.io/@euisuk-chung/Day-12-introducing-o3-o3mini,[Day 12] introducing o3 and o3-miniì„œì¿ Â·ì–´ì œíŒ”ë¡œìš°1OpenAIchatGPT11. OpenAI o3ì™€ o3-mini ì†Œê°œ2. ë²¤ì¹˜ë§ˆí¬ ê²°ê³¼ ë¶„ì„1) ì†Œí”„íŠ¸ì›¨ì–´ ì½”ë”© ë²¤ì¹˜ë§ˆí¬ (SWE-bench)2) ìˆ˜í•™ ë° ê³¼í•™ ë²¤ì¹˜ë§ˆí¬3) Research Math: EpochAI Frontier Math4) ARC Prize Foundation: ìƒˆë¡œìš´ AGI ë²¤ì¹˜ë§ˆí¬3. o3-mini: ë¹„ìš© íš¨ìœ¨ì„±ê³¼ ì„±ëŠ¥ì˜ ê· í˜•4. API í˜¸ì¶œ ê´€ë ¨ ê¸°ëŠ¥ ì„±ëŠ¥ ë¶„ì„5. ìƒˆë¡œìš´ ê¸°ëŠ¥: Deliberative Alignmentë§ºìŒë§12 Days of OpenAIëª©ë¡ ë³´ê¸°12/12,success,2024-12-21 17:33:36.389579,,
https://velog.io/@euisuk-chung/Day-11-ChatGPT-x-Desktop-Application,[Day 11] ChatGPT x Desktop Application ğŸ’»ì„œì¿ Â·ì–´ì œíŒ”ë¡œìš°2OpenAIchatGPT2ë°ìŠ¤í¬í†± ì•±ì„ í†µí•œ í˜‘ë ¥ ğŸŒŸ1. Work with Apps ê¸°ëŠ¥2. ì½”ë”© í™˜ê²½ì—ì„œì˜ í™œìš©3. ë¬¸ì„œ ì‘ì—…ê³¼ì˜ ì—°ë™4. ìŒì„± ìƒí˜¸ì‘ìš© ì§€ì›ì—…ë°ì´íŠ¸ ìš”ì•½ ğŸš€ë§ºìŒë§ âœ¨12 Days of OpenAIëª©ë¡ ë³´ê¸°11/12,success,2024-12-21 17:33:56.182588,,
https://velog.io/@euisuk-chung/Day-10-1-800-CHAT-GPT-ChatGPT-talk-with-ChatGPT,[Day 10] 1-800-CHAT-GPT: ChatGPTë‘ í†µí™”ë‘ ë¬¸ìë¥¼ í•  ìˆ˜ ìˆë‹¤ê³ ? ğŸ“ğŸ’¬ì„œì¿ Â·2ì¼ ì „íŒ”ë¡œìš°1OpenAIchatGPT11-800-CHAT-GPTë€?ì£¼ìš” ì—…ë°ì´íŠ¸ í•˜ì´ë¼ì´íŠ¸ ğŸŒŸ1. ì „í™”ë¡œ ChatGPTì™€ ëŒ€í™”í•˜ê¸°2. WhatsAppì—ì„œ ChatGPTì™€ ì±„íŒ…í•˜ê¸°ChatGPT ì „í™”/WhatsApp ì„œë¹„ìŠ¤ì˜ ì¥ì  ğŸš€ì‚¬ìš© ë°©ë²• ì•ˆë‚´ ğŸ“–1. ì „í™”ë¡œ ChatGPT ì‚¬ìš©í•˜ê¸°2. WhatsAppì—ì„œ ChatGPT ì‚¬ìš©í•˜ê¸°ê¸°ìˆ ì  í•œê³„ì™€ ì•ìœ¼ë¡œì˜ ë°œì „ ğŸŒ±ë§ºìŒë§ âœ¨12 Days of OpenAIëª©ë¡ ë³´ê¸°10/12,success,2024-12-21 17:34:10.001218,,
https://velog.io/@euisuk-chung/Day-9-OpenAI-o1-and-dev-tools,[Day 9] OpenAI o1 ë° ê°œë°œìë¥¼ ìœ„í•œ ìƒˆë¡œìš´ ë„êµ¬ì„œì¿ Â·3ì¼ ì „íŒ”ë¡œìš°2OpenAIchatGPT2OpenAI o1 ë° ê°œë°œìë¥¼ ìœ„í•œ ìƒˆë¡œìš´ ë„êµ¬ ì†Œê°œ1. OpenAI o1: ìƒˆë¡œìš´ ê³ ì„±ëŠ¥ ì¶”ë¡  ëª¨ë¸2. ì‹¤ì‹œê°„ API ê°œì„ 3. Preference Fine-Tuning: ì‚¬ìš©ì ë§ì¶¤ ëª¨ë¸ í•™ìŠµ4. Go ë° Java SDK ë² íƒ€ ì¶œì‹œê²°ë¡ 12 Days of OpenAIëª©ë¡ ë³´ê¸°9/12,success,2024-12-21 17:34:36.843693,,
https://velog.io/@euisuk-chung/Day-8-Introducing-ChatGPT-Search,[Day 8] Introducing ChatGPT Searchì„œì¿ Â·4ì¼ ì „íŒ”ë¡œìš°2OpenAIchapGPT2Search ê¸°ëŠ¥ì˜ ì£¼ìš” ê°œì„  ì‚¬í•­Search ê¸°ëŠ¥ì˜ í™œìš© ë°©ë²•1. ê°„í¸í•œ ê²€ìƒ‰ ì‹œì‘2. í’ë¶€í•œ ì‹œê°ì  ê²°ê³¼ ì œê³µ3. ëŒ€í™”í˜• ê²€ìƒ‰4. ë¹ ë¥¸ ì›¹ ë„¤ë¹„ê²Œì´ì…˜5. ìŒì„± ê¸°ë°˜ ê²€ìƒ‰Search ê¸°ëŠ¥ì˜ ì‹¤ì œ í™œìš© ì‚¬ë¡€1. ì´ë²¤íŠ¸ ë° ì—¬í–‰ ê³„íš2. ìŒì‹ì  ê²€ìƒ‰3. ì˜í™” ë° ì—”í„°í…Œì¸ë¨¼íŠ¸4. ì‹¤ì‹œê°„ ìœ„ì¹˜ ê¸°ë°˜ ê²€ìƒ‰Search ê¸°ëŠ¥ì˜ ì¥ì ë§ºìŒë§12 Days of OpenAIëª©ë¡ ë³´ê¸°8/12,success,2024-12-21 17:34:52.557739,,
https://velog.io/@euisuk-chung/Cursor-AI-AIê¸°ë°˜-ì½”ë“œ-í¸ì§‘ê¸°,[ê¿€íŒ] Cursor AI - AI ê¸°ë°˜ ì½”ë“œ í¸ì§‘ê¸°ì„œì¿ Â·2024ë…„ 12ì›” 14ì¼íŒ”ë¡œìš°5toolsê¿€íŒ5ì£¼ìš” íŠ¹ì§•ì£¼ìš” ê¸°ëŠ¥Cursor AI ì„¤ì¹˜ ë° ì‚¬ìš©ë²•Cursor AIë¥¼ ì˜ í™œìš©í•˜ëŠ” ë°©ë²•ì‚¬ìš©ì ê²½í—˜ê³¼ í”„ë¡œì íŠ¸ ì˜ˆì‹œê²°ë¡ ê¿€íŒëª©ë¡ ë³´ê¸°9/9,success,2024-12-21 17:35:14.519727,,
https://velog.io/@euisuk-chung/Day-7-Introducing-Projects,[Day 7] Introducing Projectsì„œì¿ Â·2024ë…„ 12ì›” 14ì¼íŒ”ë¡œìš°2OpenAIchatGPT2Projectsë€?Projectsì˜ ì£¼ìš” ê¸°ëŠ¥Projects ì‚¬ìš© ë°©ë²•1. ìƒˆ í”„ë¡œì íŠ¸ ìƒì„±2. íŒŒì¼ ì—…ë¡œë“œ ë° ì§€ì‹œì‚¬í•­ ì„¤ì •3. ê¸°ì¡´ ëŒ€í™” ì¶”ê°€4. ì‹¤ì‹œê°„ ìƒí˜¸ì‘ìš©ì‹¤ì œ í™œìš© ì‚¬ë¡€1. ë¹„ë°€ ì‚°íƒ€ ì´ë²¤íŠ¸ í”„ë¡œì íŠ¸2. í™ˆ ê´€ë¦¬ í”„ë¡œì íŠ¸3. ê°œì¸ ì›¹ì‚¬ì´íŠ¸ ê´€ë¦¬Projectsì˜ ì¥ì ì°¸ê³ (í”„ë¡œê·¸ë¨ ë¹„êµ)ChatGPT ProjectsCustom GPTsClaude Projects (Anthropic)ì°¨ì´ì  ìš”ì•½ë§ºìŒë§12 Days of OpenAIëª©ë¡ ë³´ê¸°7/12,success,2024-12-21 17:35:29.625798,,
https://velog.io/@euisuk-chung/Day-6-Santa-Mode-Video-in-Advanced-Voice,[Day 6] Santa Mode & Video in Advanced Voiceì„œì¿ Â·2024ë…„ 12ì›” 13ì¼íŒ”ë¡œìš°1OpenAIchatGPT1Santa Modeë€?Santa Modeë¡œ ë¬´ì—‡ì„ í•  ìˆ˜ ìˆë‚˜ìš”?Santa Mode í™œì„±í™” ë°©ë²•Advanced Voiceì˜ Video ë° Screen Sharing ê¸°ëŠ¥ì´ ê¸°ëŠ¥ì˜ ì£¼ìš” ì¥ì Video ë° Screen Sharing ì‚¬ìš© ë°©ë²•Santa Modeì™€ Advanced Voiceì˜ íŠ¹ë³„í•œ ì Santa Modeì˜ ì¥ì Video ë° Screen Sharingì˜ í˜œíƒë§ºìŒë§12 Days of OpenAIëª©ë¡ ë³´ê¸°6/12,success,2024-12-21 17:35:52.073935,,
https://velog.io/@euisuk-chung/Day-5-ChatGPT-x-Apple-Intelligence,[Day 5] ChatGPT x Apple Intelligenceì„œì¿ Â·2024ë…„ 12ì›” 12ì¼íŒ”ë¡œìš°1OpenAIchatGPT1ChatGPT x Apple Intelligenceë€?í™œìš© ì‚¬ë¡€1. Siriì™€ì˜ í†µí•©2. ë¬¸ì„œ ì‘ì„± ë° ìš”ì•½ ë„êµ¬3. ì¹´ë©”ë¼ì™€ ë¹„ì£¼ì–¼ ì¸í…”ë¦¬ì „ìŠ¤4. MacOSì—ì„œì˜ í†µí•© ê²½í—˜ì‚¬ìš© ë°©ë²•ë§ºìŒë§12 Days of OpenAIëª©ë¡ ë³´ê¸°5/12,success,2024-12-21 17:36:07.297421,,
https://velog.io/@euisuk-chung/Day-4-Improvements-in-Canvas,"[Day 4] Canvas ê¸°ëŠ¥, ì „ë³´ë‹¤ í™•ì‹¤íˆ ë” ì¢‹ì•„ì§„ë“¯?!ì„œì¿ Â·2024ë…„ 12ì›” 11ì¼íŒ”ë¡œìš°1OpenAIchatGPT1Canvas ì†Œê°œCanvasë€ ë¬´ì—‡ì¸ê°€ìš”?ì£¼ìš” ê¸°ëŠ¥:Canvas í™œìš© ì‚¬ë¡€1. ê¸€ì“°ê¸° ì§€ì›2. ì½”ë”© ê°„ì†Œí™”3. ë§ì¶¤í˜• GPT í™œìš©Canvasê°€ ì¤‘ìš”í•œ ì´ìœ Canvas ì‚¬ìš© ë°©ë²•ë§ºìŒë§12 Days of OpenAIëª©ë¡ ë³´ê¸°4/12",success,2024-12-21 17:36:28.605767,,
https://velog.io/@euisuk-chung/Day-3-Hello-SORA-to-the-world,[Day 3] SORA ë–´ë‹¤!! í˜ì‹ ì ì¸ AI ë¹„ë””ì˜¤ ìƒì„± í”Œë«í¼ì˜ ë“±ì¥ì„œì¿ Â·2024ë…„ 12ì›” 10ì¼íŒ”ë¡œìš°14OpenAIchatGPT14Soraë€ ë¬´ì—‡ì¸ê°€?Soraì˜ ì£¼ìš” ê¸°ëŠ¥1. í…ìŠ¤íŠ¸ì—ì„œ ë¹„ë””ì˜¤ ìƒì„±2. ìŠ¤í† ë¦¬ë³´ë“œ ê¸°ëŠ¥3. ì´ë¯¸ì§€ì—ì„œ ë¹„ë””ì˜¤ë¡œ ë³€í™˜4. ë¦¬ë¯¹ìŠ¤ ë° ë¸”ë Œë“œ5. ë£¨í”„ ë° ì»¤ìŠ¤í„°ë§ˆì´ì§•Soraì˜ í™œìš© ê°€ëŠ¥ì„±Soraì˜ ì•ˆì „ì„±ê³¼ OpenAIì˜ ë¹„ì „Sora ì‚¬ìš© ë°©ë²•Soraì˜ ì˜ë¯¸ì™€ ì•ìœ¼ë¡œì˜ ê¸°ëŒ€12 Days of OpenAIëª©ë¡ ë³´ê¸°3/12,success,2024-12-21 17:36:44.874773,,
https://velog.io/@euisuk-chung/Day-2-OpenAI-Reinforcement-Fine-Tuning,[Day 2] Reinforcement Fine-Tuning (RFT) ì†Œê°œì„œì¿ Â·2024ë…„ 12ì›” 7ì¼íŒ”ë¡œìš°3OpenAIchatGPT3Reinforcement Fine-Tuning(RFT)ë€ ë¬´ì—‡ì¸ê°€?RFTì˜ íŠ¹ì§•ì‹¤ì œ ì ìš© ì‚¬ë¡€: í¬ì†Œì§ˆí™˜ ìœ ì „ì ë³€ì´ ë¶„ì„DemoRFTê°€ ìœ ìš©í•œ ë¶„ì•¼RFT Research Programë§ˆë¬´ë¦¬12 Days of OpenAIëª©ë¡ ë³´ê¸°2/12,success,2024-12-21 17:37:03.163496,,
https://velog.io/@euisuk-chung/Day-1-OpenAI-o1-and-o1-pro-mode,"[Day 1] OpenAI o1 and o1 pro mode in ChatGPTì„œì¿ Â·2024ë…„ 12ì›” 6ì¼íŒ”ë¡œìš°1OpenAIchatGPT1ChatGPT Pro í”Œëœ ê°œìš”O1 ëª¨ë¸ê³¼ O1 Pro ëª¨ë“œì˜ ê°€ì¹˜í–¥ìƒëœ â€œì‚¬ê³  ì‹œê°„â€ê³¼ ì‹ ë¢°ì„± ìˆëŠ” í•´ë‹µë²¤ì¹˜ë§ˆí¬ ì„±ëŠ¥ ê°œì„ : ìˆ˜í•™, ê³¼í•™, ì½”ë”©ì—ì„œì˜ íƒì›”í•¨ì˜ˆì¸¡ ê°€ëŠ¥í•˜ê³  ì•ˆì •ì ì¸ ì‘ë‹µ ê²½í—˜ë©€í‹°ëª¨ë‹¬ ì…ë ¥ì„ í†µí•œ í™•ì¥ëœ í™œìš©ì„±ëˆ„ê°€ Pro í”Œëœì„ ì„ íƒí• ê¹Œ?ê²°ë¡ 12 Days of OpenAIëª©ë¡ ë³´ê¸°1/12",success,2024-12-21 17:37:16.608861,,
https://velog.io/@euisuk-chung/íŠ¸ë Œë“œ-íŠ¸ë ŒìŠ¤í¬ë¨¸-ì´í›„ì˜-ì°¨ì„¸ëŒ€-ì•„í‚¤í…ì³-MoE-SSM-RetNet-V-JEPA,"[TREND] íŠ¸ë ŒìŠ¤í¬ë¨¸ ì´í›„ì˜ ì°¨ì„¸ëŒ€ ì•„í‚¤í…ì³: MoE, SSM, RetNet, V-JEPAì„œì¿ Â·2024ë…„ 11ì›” 30ì¼íŒ”ë¡œìš°1ITì§€ì‹paper-reviewtrend-review11. íŠ¸ëœìŠ¤í¬ë¨¸: í˜ì‹ ê³¼ í•œê³„2. Mixture of Experts(MoE): Sparse ì—°ì‚°ìœ¼ë¡œ íš¨ìœ¨ì„± í–¥ìƒ3. State Space Models(SSM): ê¸´ ì‹œí€€ìŠ¤ ì²˜ë¦¬ì˜ í˜ì‹ 4. ê¸°íƒ€ ì•„í‚¤í…ì³ ë° ì—°êµ¬5. ìƒˆë¡œìš´ ê¸°ìˆ ì˜ í†µí•©ê³¼ í–¥í›„ ì „ë§",success,2024-12-21 17:37:39.945754,,
https://velog.io/@euisuk-chung/ì„œê°•ëŒ€-ê¸°ìˆ ê²½ì˜ì „ë¬¸ëŒ€í•™ì›-by-KT-DS-ê¹€ì„±ìš°-ë‹¨ì¥ë‹˜,[ìë£Œ] KT ì‚¬ë‚´ ì§ì› ëŒ€ìƒ RAG êµì•ˆ ëŒ€ë°©ì¶œ?!ì„œì¿ Â·2024ë…„ 11ì›” 26ì¼íŒ”ë¡œìš°1ragê°•ì˜ë…¸íŠ¸1Chapter 1: Overview of RAG1. Discriminative vs. Generative AI2. AI Hype Cycle3. LLM & í•œê³„4. LLM í•œê³„ ê·¹ë³µ4.1 Prompt Engineering4.2 RAG (Retrieval-Augmented Generation)4.3 Fine-Tuning4.4 Fine-Tuning - PEFT (Parameter-Efficient Fine-Tuning)5. Emerging Tech: Agentic Workflow6. LLM ì—ì´ì „íŠ¸ ë””ìì¸ íŒ¨í„´Chapter 2: Naive RAGNaive RAGë€?ì£¼ìš” ë¼ì´ë¸ŒëŸ¬ë¦¬LangChain ê´€ë ¨ íŒ¨í‚¤ì§€ê¸°íƒ€ íŒ¨í‚¤ì§€-qU ì˜µì…˜ ì„¤ëª…2.1. Vector DB êµ¬ì¶•í•˜ê¸°2.1.1. Documents Loading2.1.2. Chunking2.1.3. Embedding2.1.4. Vector DB ì €ì¥2.2. ê²€ìƒ‰ê¸°(Retriever)1. ê²€ìƒ‰ê¸° ìƒì„±2. ê²€ìƒ‰ ë°©ë²•2.3. ìƒì„±ê¸°2.3.1. RAG í”„ë¡¬í”„íŠ¸2.3.2. ì–¸ì–´ ëª¨ë¸ ìƒì„±2.3.3. ChainingChapter 3: Advanced RAGAdvanced RAGë€?ì£¼ìš” ê¸°ìˆ  ë° ìµœì í™”1. ì§€ì‹í™” ì¦ê°•(Knowledge Enrichment)ì´ë€?2. ê²€ìƒ‰ ì „ ìµœì í™” (Pre-Retrieval Optimization)4. ê²€ìƒ‰ ë‹¨ê³„: Retrieval (Ensemble Retrieval)5. ê²€ìƒ‰ í›„: Re-Ranking6. ê²€ìƒ‰ í›„: Compression7. ë‹¤ì–‘í•œ ì¡°í•©: Multi-query Ensemble + Re-Ranking8. í”„ë¡œì„¸ìŠ¤ ì¦ê°•(Process Augmentation)Chapter 4: RAG í‰ê°€í•˜ê¸°1. ìœ ì‚¬ë„ ë° ê´€ë ¨ì„± í‰ê°€2. LLM í‰ê°€ : Metric2.1. í›Œë¥­í•œ í‰ê°€ ì§€í‘œì˜ ì¡°ê±´2.2. Types of Metric Scores2.3. Strategies for LLM Evaluation2.4. LLM í‰ê°€ ë©”íŠ¸ë¦­ì˜ ì„¸ë¶€ ë‚´ìš©3. RAG í‰ê°€Background3.1 Model-based Scorer3.2 Ground Truth3.3 RAG í‰ê°€ë¥¼ ìœ„í•œ Framework3.4 RAGAs ê¸°ë°˜ Ground Truth ìƒì„±3.5 RAG í‰ê°€: RAG Triad(ì°¸ê³ ) DeepEval ì‹¤ìŠµë”¥ëŸ¬ë‹-ì§€ì‹ëª©ë¡ ë³´ê¸°4/4,success,2024-12-21 17:38:03.348932,,
https://velog.io/@euisuk-chung/IT-í´ë¼ìš°ë“œ-ì»´í“¨íŒ…ì˜-ì„œë¹„ìŠ¤-ëª¨ë¸-IaaS-PaaS-SaaSì™€-ìµœì‹ -GPUaaS-IQaaS-ë¹„êµ,"[IT] í´ë¼ìš°ë“œ ì»´í“¨íŒ…ì˜ ì„œë¹„ìŠ¤ ëª¨ë¸: IaaS, PaaS, SaaSì™€ ìµœì‹  GPUaaS, IQaaS ë¹„êµì„œì¿ Â·2024ë…„ 11ì›” 23ì¼íŒ”ë¡œìš°2ITì§€ì‹trend-reviewê°œë…ì •ë¦¬2ë°°ê²½1. On-Premise (ì˜¨í”„ë ˆë¯¸ìŠ¤)ì •ì˜íŠ¹ì§•í™œìš© ì‚¬ë¡€2. IaaS (Infrastructure-as-a-Service)ì •ì˜íŠ¹ì§•ì£¼ìš” ì œê³µì—…ì²´í™œìš© ì‚¬ë¡€3. PaaS (Platform-as-a-Service)ì •ì˜íŠ¹ì§•ì£¼ìš” ì œê³µì—…ì²´í™œìš© ì‚¬ë¡€4. SaaS (Software-as-a-Service)ì •ì˜íŠ¹ì§•ì£¼ìš” ì œê³µì—…ì²´í™œìš© ì‚¬ë¡€5. GPUaaS (GPU-as-a-Service)ì •ì˜íŠ¹ì§•ì£¼ìš” ì œê³µì—…ì²´í™œìš© ì‚¬ë¡€6. IQaaS (Intelligence-as-a-Service)ì •ì˜íŠ¹ì§•ì£¼ìš” ì œê³µì—…ì²´í™œìš© ì‚¬ë¡€7. ì„œë¹„ìŠ¤ ëª¨ë¸ ë¹„êµ8. ê° ì„œë¹„ìŠ¤ ëª¨ë¸ì˜ ì¥ë‹¨ì 9. ê²°ë¡ ITì§€ì‹ëª©ë¡ ë³´ê¸°11/12",success,2024-12-21 17:38:18.372141,,
https://velog.io/@euisuk-chung/SKAISUMMIT2024DAY2,"[ì •ë¦¬] SK AI SUMMIT í‚¤ë…¸íŠ¸ ì •ë¦¬ - Day2ì„œì¿ Â·2024ë…„ 11ì›” 10ì¼íŒ”ë¡œìš°1ConferenceConference | SK-AI1Day 2 ë°œí‘œ ì£¼ì œ ì •ë¦¬1. ì‹¤ë¦¬ì½˜ë°¸ë¦¬ K-ìŠ¤íƒ€íŠ¸ì—… ìƒíƒœê³„ë¥¼ ë§Œë“¤ì–´ ê°„ ì—¬ì • ê·¸ë¦¬ê³  AI ì‹œëŒ€2. íŒ¨ë„í† ì˜: K-AI ìƒíƒœê³„ì˜ Globalization3. Navigate your life with a Personal AI Agent4. íŒ¨ë„í† ì˜: ìƒì„±í˜• AI ì‹œëŒ€, í†µì‹ ì‚¬ ì¤‘ì‹¬ ìƒíƒœê³„ êµ¬ì¶•ê³¼ ì‹ ì‚¬ì—… ê¸°íšŒ íƒìƒ‰5. ëŒ€ë‹´: ì´ˆì—°ê²° ì‹œëŒ€ì˜ ë””ì§€í„¸ ì‹ ê²½ë§ - AIì™€ Memoryê°€ ê·¸ë¦¬ëŠ” ë¯¸ë˜ ì‚°ì—… ì§€í˜•6. AI ì—ì´ì „íŠ¸ ì„œë¹„ìŠ¤ì˜ í˜„ì¬ì™€ ë¯¸ë˜7. íŒ¨ë„í† ì˜: AI ì—ì´ì „íŠ¸ ì„œë¹„ìŠ¤ì˜ í˜„ì¬ì™€ ë¯¸ë˜8. ëŒ€í•œë¯¼êµ­ì˜ AI ì „ëµê³¼ ì •ì±… ë°©í–¥9. íŒ¨ë„í† ì˜: AIë¡œ ë°œë‹ì›€í•˜ëŠ” ëŒ€í•œë¯¼êµ­ êµ­ê°€ ê²½ìŸë ¥'24ë…„ SK AI SUMMITëª©ë¡ ë³´ê¸°3/3",success,2024-12-21 17:38:57.427175,,
https://velog.io/@euisuk-chung/SKAISUMMIT2024DAY1-ì˜¤í›„,[ì •ë¦¬] SK AI SUMMIT í‚¤ë…¸íŠ¸ ì •ë¦¬ - Day1 ì˜¤í›„ì„œì¿ Â·2024ë…„ 11ì›” 9ì¼íŒ”ë¡œìš°1ConferenceConference | SK-AI1Day 1 ì˜¤í›„ ë°œí‘œ ì£¼ì œ ì •ë¦¬5. AIì˜ ë¯¸ë˜6. AIì˜ ì‹¤í˜„: GenAIì˜ ì ì¬ë ¥ì„ ë°œíœ˜í•˜ê³  ë” ê±´ê°•í•œ ìƒíƒœê³„ë¥¼ êµ¬ì¶•í•˜ê¸° ìœ„í•œ ë¡œë“œë§µ7. AI Infra êµ¬ì¶• ì‹œì¥ì˜ í˜„í™©ê³¼ ì „ë§8. ì˜¤í”ˆ ëª¨ë¸ê³¼ GPUs As-A-Serviceë¡œ AIë¥¼ ì œì–´í•˜ë¼9. íŒ¨ë„í† ì˜: AI ì‹œëŒ€ Infrastructureì˜ í˜„ì¬ì™€ ë¯¸ë˜10. ì²¨ë‹¨ ì›ìë ¥ ì—ë„ˆì§€ë¡œ AI êµ¬ë™í•˜ê¸°11. AI ë°œì „ì„ ìœ„í•œ ê¸°ìˆ ì  ìš”êµ¬ì‚¬í•­12. Rethinking Silicon at the Dawn of the AI Era13. íŒ¨ë„í† ì˜: AI ë°˜ë„ì²´ì™€ ì¸í”„ë¼ì˜ ì§„í™”14. Perplexityì˜ AI ê²€ìƒ‰ìœ¼ë¡œ ë”ìš± íƒêµ¬ì ì´ê³  íš¨ìœ¨ì ì¸ ì„¸ìƒ ë§Œë“¤ê¸°'24ë…„ SK AI SUMMITëª©ë¡ ë³´ê¸°2/3,success,2024-12-21 17:39:19.233991,,
https://velog.io/@euisuk-chung/SKAISUMMIT2024DAY1-ì˜¤ì „,"[ì •ë¦¬] SK AI SUMMIT í‚¤ë…¸íŠ¸ ì •ë¦¬ - Day1 ì˜¤ì „ì„œì¿ Â·2024ë…„ 11ì›” 8ì¼íŒ”ë¡œìš°1ConferenceConference | SK-AI1Day 1 ì˜¤ì „ ë°œí‘œ ì£¼ì œ ì •ë¦¬1. í˜‘ë ¥ìœ¼ë¡œ ë§Œë“¤ì–´ê°€ëŠ” AI ìƒíƒœê³„: AI Tomorrow, AI Together2. ëŒ€ë‹´: AIì˜ ë¯¸ë˜3. Embracing the Future: SK's Approach to Next Era of AI4. ì°¨ì„¸ëŒ€ AI Memoryì˜ ìƒˆë¡œìš´ ì—¬ì •, í•˜ë“œì›¨ì–´ë¥¼ ë„˜ì–´ ì¼ìƒìœ¼ë¡œ'24ë…„ SK AI SUMMITëª©ë¡ ë³´ê¸°1/3",success,2024-12-21 17:39:41.290107,,
https://velog.io/@euisuk-chung/Linux-ë¦¬ëˆ…ìŠ¤-íŒŒì¼-ì‹œìŠ¤í…œ-ë§ˆìš´íŠ¸-ê°€ì´ë“œ,"[Linux] ë¦¬ëˆ…ìŠ¤ íŒŒì¼ ì‹œìŠ¤í…œ ë§ˆìš´íŠ¸ ê°€ì´ë“œì„œì¿ Â·2024ë…„ 11ì›” 5ì¼íŒ”ë¡œìš°1linuxí™˜ê²½1fstab, df -h, ë§ˆìš´íŠ¸ ëª…ë ¹ì–´ ì™„ë²½ ì´í•´í•˜ê¸°1. /etc/fstab íŒŒì¼: íŒŒì¼ ì‹œìŠ¤í…œ ìë™ ë§ˆìš´íŠ¸ ì„¤ì •ì—­í• /etc/fstab íŒŒì¼ êµ¬ì¡°ì£¼ì˜ ì‚¬í•­2. df -h: ë””ìŠ¤í¬ ì‚¬ìš©ëŸ‰ í™•ì¸3. íŒŒì¼ ì‹œìŠ¤í…œ ë§ˆìš´íŠ¸: mount ëª…ë ¹ì–´ ì‚¬ìš©ë²•ê¸°ë³¸ ì‚¬ìš©ë²•ì¼ë°˜ì ì¸ ë§ˆìš´íŠ¸ ì˜µì…˜ë‹¤ì–‘í•œ íŒŒì¼ ì‹œìŠ¤í…œ ìœ í˜• ë§ˆìš´íŠ¸ì„ì‹œ ë§ˆìš´íŠ¸ì™€ ì˜êµ¬ ë§ˆìš´íŠ¸ì˜ ì°¨ì´4. ìì£¼ ì‚¬ìš©ë˜ëŠ” ë§ˆìš´íŠ¸ ê´€ë ¨ ëª…ë ¹ì–´umount: íŒŒì¼ ì‹œìŠ¤í…œ ì–¸ë§ˆìš´íŠ¸findmnt: í˜„ì¬ ë§ˆìš´íŠ¸ëœ íŒŒì¼ ì‹œìŠ¤í…œ ì •ë³´ í‘œì‹œblkid: ë¸”ë¡ ì¥ì¹˜ì˜ UUID ë° íŒŒì¼ ì‹œìŠ¤í…œ ìœ í˜• í™•ì¸5. ì‹¤ì œ ì‚¬ìš© ì‚¬ë¡€ìƒˆ í•˜ë“œ ë””ìŠ¤í¬ ì¶”ê°€ ë° ë§ˆìš´íŠ¸USB ë“œë¼ì´ë¸Œ ìë™ ë§ˆìš´íŠ¸ ì„¤ì •NFS ê³µìœ  ë§ˆìš´íŠ¸í•˜ê¸°6. ë§ˆìš´íŠ¸ ê´€ë ¨ ë¬¸ì œ í•´ê²°ì¼ë°˜ì ì¸ ë§ˆìš´íŠ¸ ì˜¤ë¥˜ ë° í•´ê²° ë°©ë²•7. ë³´ì•ˆ ê³ ë ¤ì‚¬í•­ê²°ë¡ ë¦¬ëˆ…ìŠ¤ëª©ë¡ ë³´ê¸°4/4",success,2024-12-21 17:39:54.515521,,
https://velog.io/@euisuk-chung/LangChain-Academy-Introduction-to-LangGraph-Module-4,[ê°•ì˜ë…¸íŠ¸] LangChain Academy : Introduction to LangGraph (Module 4)ì„œì¿ Â·2024ë…„ 10ì›” 16ì¼íŒ”ë¡œìš°1langgraphê°•ì˜ë…¸íŠ¸1Lesson 1: Parallelizationê°œìš”ì£¼ìš” ê°œë…ì½”ë“œ ì˜ˆì‹œLesson 2: Sub-graphsê°œìš”ì£¼ìš” ê°œë…ì½”ë“œ ì˜ˆì‹œLesson 3: Map-reduceê°œìš”ì£¼ìš” ê°œë…ì½”ë“œ ì˜ˆì‹œLesson 4: Research Assistantê°œìš”ì£¼ìš” ê°œë…ì½”ë“œ ì˜ˆì‹œLangChain Academy : Introduction to LangGraphëª©ë¡ ë³´ê¸°4/4,success,2024-12-21 17:40:14.537337,,
https://velog.io/@euisuk-chung/3-m82jb3x6,[ê°•ì˜ë…¸íŠ¸] LangChain Academy : Introduction to LangGraph (Module 3)ì„œì¿ Â·2024ë…„ 10ì›” 16ì¼íŒ”ë¡œìš°1langgraphê°•ì˜ë…¸íŠ¸1Lesson 1: Streamingê°œìš”ì£¼ìš” ê°œë…Lesson 2: Breakpointsê°œìš”ì£¼ìš” ê°œë…Lesson 3: Editing State and Human Feedbackê°œìš”ì£¼ìš” ê°œë…Lesson 4: Dynamic Breakpointsê°œìš”ì£¼ìš” ê°œë…Lesson 5: Time Travelê°œìš”ì£¼ìš” ê°œë…LangChain Academy : Introduction to LangGraphëª©ë¡ ë³´ê¸°3/4,success,2024-12-21 17:40:46.075163,,
https://velog.io/@euisuk-chung/LangChain-Academy-Introduction-to-LangGraph-Module-2,[ê°•ì˜ë…¸íŠ¸] LangChain Academy : Introduction to LangGraph (Module 2)ì„œì¿ Â·2024ë…„ 10ì›” 16ì¼íŒ”ë¡œìš°2langgraphê°•ì˜ë…¸íŠ¸2Lesson 1: State SchemaLesson 2: State ReducersLesson 3: Multiple SchemasLesson 4: Trim and Filter MessagesLesson 5: Chatbot w/ Summarizing Messages and MemoryLesson 6: Chatbot w/ Summarizing Messages and External MemoryLangChain Academy : Introduction to LangGraphëª©ë¡ ë³´ê¸°2/4,success,2024-12-21 17:41:01.245625,,
https://velog.io/@euisuk-chung/ê°œë…-GLUì™€-ê·¸-ë³€í˜•ë“¤-ì—­ì‚¬ì™€-ì£¼ìš”-ê°œë…-ì •ë¦¬,[ê°œë…] GLUì™€ ê·¸ ë³€í˜•ë“¤: ì—­ì‚¬ì™€ ì£¼ìš” ê°œë… ì •ë¦¬ì„œì¿ Â·2024ë…„ 10ì›” 14ì¼íŒ”ë¡œìš°1paper-reviewtrend-reviewë”¥ëŸ¬ë‹1(ì°¸ê³ ) Activation FunctionsGLUì™€ ê·¸ ë³€í˜•ë“¤ì˜ ë°œì „ ìˆœì„œ1. GLU (Gated Linear Unit)2. Bilinear GLU3. ReGLU (ReLU-Gated Linear Unit)4. GEGLU (GELU-Gated Linear Unit)5. SwiGLU (Swish-Gated Linear Unit)GLUì™€ ê·¸ ë³€í˜•ë“¤ì˜ ì„±ëŠ¥ ë¹„êµ ë° ì¤‘ìš”ì„±ì •ë¦¬,success,2024-12-21 17:41:15.141169,,
https://velog.io/@euisuk-chung/ê¿€íŒ-.bashrcë¡œ-ë¡œì»¬ì—ì„œ-ALIASë¥¼-í™œìš©í•œ-ì—¬ëŸ¬-ì¿ ë‹¤-í™œìš©í•˜ê¸°,[ê¿€íŒ] .bashrcë¡œ ë¡œì»¬ì—ì„œ ALIASë¥¼ í™œìš©í•œ ì—¬ëŸ¬ ì¿ ë‹¤ í™œìš©í•˜ê¸°ì„œì¿ Â·2024ë…„ 10ì›” 10ì¼íŒ”ë¡œìš°1linuxê¿€íŒí™˜ê²½1Introduction1. CUDA ë¡œì»¬ ì„¤ì¹˜ì˜ í•„ìš”ì„±2. CUDA 11.8 ë¡œì»¬ ì„¤ì¹˜3. CUDA 12.1.1 ë¡œì»¬ ì„¤ì¹˜4. ì—¬ëŸ¬ CUDA ë²„ì „ ì „í™˜ì„ ìœ„í•œ alias ì„¤ì •5. Python í™˜ê²½ ì „í™˜ì„ ìœ„í•œ alias ì„¤ì •6. ìœ ì²¨ (+CuDNN)Conclusionê¿€íŒëª©ë¡ ë³´ê¸°8/9,success,2024-12-21 17:41:28.791768,,
https://velog.io/@euisuk-chung/Paper-Review-K-EXAONE-LG-AI-Researchê°€-ê°œë°œí•œ-Frontierê¸‰-MoE-ê¸°ë°˜-ë‹¤êµ­ì–´-ì–¸ì–´-ëª¨ë¸,[Paper Review] K-EXAONE Technical Report,success,2026-02-16 22:49:00.458537,2034c3922f0c1c7d4ce71cc18b530562,_posts\2026\2026-02-16-[Paper Review] K-EXAONE Technical Report.md
https://velog.io/@euisuk-chung/OpenAI-Prism-GPT-5.2-ê¸°ë°˜-ê³¼í•™-ë…¼ë¬¸-ì‘ì„±ì„-ìœ„í•œ-ë¬´ë£Œ-AI-ì›Œí¬ìŠ¤í˜ì´ìŠ¤,[OpenAI] Prism: GPT-5.2 ê¸°ë°˜ ê³¼í•™ ë…¼ë¬¸ ì‘ì„±ì„ ìœ„í•œ ë¬´ë£Œ AI ì›Œí¬ìŠ¤í˜ì´ìŠ¤,success,2026-02-16 22:49:20.281172,b52fb2ef71f5889e608abc95c8a06054,_posts\2026\2026-01-29-[OpenAI] Prism_ GPT-5.2 ê¸°ë°˜ ê³¼í•™ ë…¼ë¬¸ ì‘ì„±ì„ ìœ„í•œ ë¬´ë£Œ AI ì›Œí¬ìŠ¤í˜ì´ìŠ¤.md
https://velog.io/@euisuk-chung/OpenAI-Town-Hall-ìš”ì•½-Sam-Altmanì´-ë§í•˜ëŠ”-AI-ì‹œëŒ€ì˜-ë¯¸ë˜,[OpenAI] Town Hall ìš”ì•½: Sam Altmanì´ ë§í•˜ëŠ” AI ì‹œëŒ€ì˜ ë¯¸ë˜,success,2026-02-16 22:49:39.866736,392a9b77438e4303d2119390d9cac3dd,_posts\2026\2026-01-28-[OpenAI] Town Hall ìš”ì•½_ Sam Altmanì´ ë§í•˜ëŠ” AI ì‹œëŒ€ì˜ ë¯¸ë˜.md
https://velog.io/@euisuk-chung/BCG-AI-Radar-2026-CEOê°€-AI-íˆ¬ìì˜-ì¤‘ì‹¬ì—-ì„œë‹¤,BCG AI Radar 2026: CEOê°€ AI íˆ¬ìì˜ ì¤‘ì‹¬ì— ì„œë‹¤,success,2026-02-16 22:49:56.242244,acce70f39874a1a171a521b9570b5fff,_posts\2026\2026-01-20-BCG AI Radar 2026_ CEOê°€ AI íˆ¬ìì˜ ì¤‘ì‹¬ì— ì„œë‹¤.md
https://velog.io/@euisuk-chung/BCG-AI-Radar-2025-AI-Impact-Gap-í•´ì†Œë¥¼-ìœ„í•œ-ì „ëµ-ë³´ê³ ì„œ,BCG AI Radar 2025: AI Impact Gap í•´ì†Œë¥¼ ìœ„í•œ ì „ëµ ë³´ê³ ì„œ,success,2026-02-16 22:50:16.196824,54640696c3045ad067e45040896cdb9a,_posts\2026\2026-01-20-BCG AI Radar 2025_ AI Impact Gap í•´ì†Œë¥¼ ìœ„í•œ ì „ëµ ë³´ê³ ì„œ.md
https://velog.io/@euisuk-chung/OpenAI-GPT-5.2-í”„ë¡¬í”„íŒ…-ê°€ì´ë“œ-ì—”í„°í”„ë¼ì´ì¦ˆ-AI-ì—ì´ì „íŠ¸ë¥¼-ìœ„í•œ-ìµœì í™”-ì „ëµ,[OpenAI] GPT-5.2 í”„ë¡¬í”„íŒ… ê°€ì´ë“œ: ì—”í„°í”„ë¼ì´ì¦ˆ AI ì—ì´ì „íŠ¸ë¥¼ ìœ„í•œ ìµœì í™” ì „ëµ,success,2026-02-16 22:50:35.272483,5036acce777206fd3885fb2e2f1f87bc,_posts\2026\2026-01-17-[OpenAI] GPT-5.2 í”„ë¡¬í”„íŒ… ê°€ì´ë“œ_ ì—”í„°í”„ë¼ì´ì¦ˆ AI ì—ì´ì „íŠ¸ë¥¼ ìœ„í•œ ìµœì í™” ì „ëµ.md
https://velog.io/@euisuk-chung/OpenAI-OpenAI-ìµœì‹ -í”„ëŸ°í‹°ì–´-ëª¨ë¸-GPT-5.2-ì¶œì‹œ,[OpenAI] : OpenAI ìµœì‹  í”„ëŸ°í‹°ì–´ ëª¨ë¸ GPT-5.2 ì¶œì‹œ,success,2026-02-16 22:50:52.380216,5897a7475ae0664e29a6ce071fd6d8c9,_posts\2026\2026-01-12-[OpenAI] _ OpenAI ìµœì‹  í”„ëŸ°í‹°ì–´ ëª¨ë¸ GPT-5.2 ì¶œì‹œ.md
https://velog.io/@euisuk-chung/ì •-AIê°€-ì½”ë”©-ë‹¤-í•˜ëŠ”ë°-ì™œ-ë°°ì›Œìš”-í•˜ë²„ë“œ-êµìˆ˜ì˜-ì‚¬ì´ë‹¤-ì°¸êµìœ¡,[CS50] CS50x 2026 - Lecture 0 - Scratch,success,2026-02-16 22:51:10.539996,74cfdaff94a03c4e0316fb26edf603fc,_posts\2026\2026-01-09-[CS50] CS50x 2026 - Lecture 0 - Scratch.md
https://velog.io/@euisuk-chung/CES-CES-2026-ì  ìŠ¨-í™©-ê¸°ì¡°ì—°ì„¤-ì •ë¦¬,[CES] CES 2026 ì  ìŠ¨ í™© ê¸°ì¡°ì—°ì„¤ ì •ë¦¬,success,2026-02-16 22:51:30.546644,5d6855913c454d70f710c0c81b0b3047,_posts\2026\2026-01-08-[CES] CES 2026 ì  ìŠ¨ í™© ê¸°ì¡°ì—°ì„¤ ì •ë¦¬.md
https://velog.io/@euisuk-chung/í† í¬-LLM-ì™„ë²½-ì…ë¬¸-ê°€ì´ë“œ-Andrej-Karpathy-ê°•ì˜-ì •ë¦¬,[í† í¬] LLM ì™„ë²½ ì…ë¬¸ ê°€ì´ë“œ: Andrej Karpathy ê°•ì˜ ì •ë¦¬,success,2026-02-16 22:51:48.573255,413320ca0685db19b7cac2a1fb722517,_posts\2025\2025-12-26-[í† í¬] LLM ì™„ë²½ ì…ë¬¸ ê°€ì´ë“œ_ Andrej Karpathy ê°•ì˜ ì •ë¦¬.md
https://velog.io/@euisuk-chung/AI-ì—ì´ì „íŠ¸ì˜-í•µì‹¬-ê°œë…-20ê°€ì§€-ë¬¸ì œì™€-í•´ê²°ì±…ìœ¼ë¡œ-ë°°ìš°ëŠ”-ì‹¤ì „-ê°€ì´ë“œ,AI ì—ì´ì „íŠ¸ì˜ í•µì‹¬ ê°œë… 20ê°€ì§€: ë¬¸ì œì™€ í•´ê²°ì±…ìœ¼ë¡œ ë°°ìš°ëŠ” ì‹¤ì „ ê°€ì´ë“œ,success,2026-02-16 22:52:07.697609,f06ca7b5a64632de73aecdcce58d4be3,_posts\2025\2025-12-19-AI ì—ì´ì „íŠ¸ì˜ í•µì‹¬ ê°œë… 20ê°€ì§€_ ë¬¸ì œì™€ í•´ê²°ì±…ìœ¼ë¡œ ë°°ìš°ëŠ” ì‹¤ì „ ê°€ì´ë“œ.md
https://velog.io/@euisuk-chung/LLaVA-PruMerge-Adaptive-Token-Reduction-for-Efficient-Large-Multimodal-Models,[Paper Review] LLaVA-PruMerge: Adaptive Token Reduction for Efficient Large Multimodal Models,success,2026-02-16 22:52:25.471414,dccf8d1322e81f95ae1c9b25eb00cfb2,_posts\2025\2025-12-12-[Paper Review] LLaVA-PruMerge_ Adaptive Token Reduction for Efficient Large Multimodal Models.md
https://velog.io/@euisuk-chung/LLaVA-Visual-Instruction-Tuning-ë©€í‹°ëª¨ë‹¬-AIì˜-ìƒˆë¡œìš´-íŒ¨ëŸ¬ë‹¤ì„,[Paper Review] LLaVA: Visual Instruction Tuning - ë©€í‹°ëª¨ë‹¬ AIì˜ ìƒˆë¡œìš´ íŒ¨ëŸ¬ë‹¤ì„,success,2026-02-16 22:52:44.601704,be6b7126a778ee4543adb93163b1fa6f,_posts\2025\2025-12-12-[Paper Review] LLaVA_ Visual Instruction Tuning - ë©€í‹°ëª¨ë‹¬ AIì˜ ìƒˆë¡œìš´ íŒ¨ëŸ¬ë‹¤ì„.md
https://velog.io/@euisuk-chung/F-Lab-AI-ì—­ëŸ‰-ì§„ë‹¨-í…ŒìŠ¤íŠ¸-ì •ë‹µ-ë°-í•´ì„¤,F-Lab AI ì—­ëŸ‰ ì§„ë‹¨ í…ŒìŠ¤íŠ¸ - ì •ë‹µ ë° í•´ì„¤,success,2026-02-16 22:53:04.468803,cea0d79e7c2f67a58c8e7b29665faae1,_posts\2025\2025-12-12-F-Lab AI ì—­ëŸ‰ ì§„ë‹¨ í…ŒìŠ¤íŠ¸ - ì •ë‹µ ë° í•´ì„¤.md
https://velog.io/@euisuk-chung/êµ¬ê¸€-Nano-Banana-Pro-Gemini-3ê°€-ì„ ì‚¬í•˜ëŠ”-ì°¨ì„¸ëŒ€-ì´ë¯¸ì§€-ìƒì„±-í˜ì‹ ,[êµ¬ê¸€] Nano Banana Pro: Gemini 3ê°€ ì„ ì‚¬í•˜ëŠ” ì°¨ì„¸ëŒ€ ì´ë¯¸ì§€ ìƒì„± í˜ì‹ ,success,2026-02-18 18:06:57.125371,713835c5bdce41b9ed2614d16c3dfcc1,_posts\2025\2025-11-23-[êµ¬ê¸€] Nano Banana Pro_ Gemini 3ê°€ ì„ ì‚¬í•˜ëŠ” ì°¨ì„¸ëŒ€ ì´ë¯¸ì§€ ìƒì„± í˜ì‹ .md
https://velog.io/@euisuk-chung/Gemini-3-êµ¬ê¸€ì˜-ì°¨ì„¸ëŒ€-AI-ëª¨ë¸-ë¬´ì—‡ì´-ë‹¬ë¼ì¡Œë‚˜,"[êµ¬ê¸€] Gemini 3: êµ¬ê¸€ì˜ ì°¨ì„¸ëŒ€ AI ëª¨ë¸, ë¬´ì—‡ì´ ë‹¬ë¼ì¡Œë‚˜?",success,2026-02-18 18:07:15.062032,9bdf0c2d411d46b41b5809e762e16884,"_posts\2025\2025-11-23-[êµ¬ê¸€] Gemini 3_ êµ¬ê¸€ì˜ ì°¨ì„¸ëŒ€ AI ëª¨ë¸, ë¬´ì—‡ì´ ë‹¬ë¼ì¡Œë‚˜_.md"
https://velog.io/@euisuk-chung/OpenAI-ChatGPT-GPT-5.1-ì¶œì‹œ-ë”-ë˜‘ë˜‘í•˜ê³ -ë”°ëœ»í•œ-ëŒ€í™”í˜•-AIì˜-ì§„í™”,[OpenAI] ChatGPT GPT-5.1 ì¶œì‹œ: ë” ë˜‘ë˜‘í•˜ê³  ë”°ëœ»í•œ ëŒ€í™”í˜• AIì˜ ì§„í™”,success,2026-02-18 18:07:32.694252,c6ef0cb123b71fb6e00d09e24199750a,_posts\2025\2025-11-13-[OpenAI] ChatGPT GPT-5.1 ì¶œì‹œ_ ë” ë˜‘ë˜‘í•˜ê³  ë”°ëœ»í•œ ëŒ€í™”í˜• AIì˜ ì§„í™”.md
https://velog.io/@euisuk-chung/Lovable-Cloud-AI-ì™„ì „-ê°€ì´ë“œ-í’€ìŠ¤íƒ-ê°œë°œì˜-íŒ¨ëŸ¬ë‹¤ì„-ì „í™˜,Lovable Cloud & AI: ìì—°ì–´ë§Œìœ¼ë¡œ í’€ìŠ¤íƒ ì•±ì„ ë§Œë“œëŠ” ì‹œëŒ€,success,2026-02-18 18:08:08.898850,43503fb5b1cacaa92a8430ce6672730a,_posts\2025\2025-10-14-Lovable Cloud and AI_ ìì—°ì–´ë§Œìœ¼ë¡œ í’€ìŠ¤íƒ ì•±ì„ ë§Œë“œëŠ” ì‹œëŒ€.md
https://velog.io/@euisuk-chung/Google-Cloud-ê³ ê°ì‚¬ì˜-1001ê°€ì§€-GenAI-í™œìš©-ì‚¬ë¡€,"[ì •ë¦¬] Google Cloud ê³ ê°ì‚¬ì˜ 1,001ê°€ì§€ GenAI í™œìš© ì‚¬ë¡€",success,2026-02-18 18:08:37.744295,f2165048d29ade72b7ecc74b7457ba32,"_posts\2025\2025-10-10-[ì •ë¦¬] Google Cloud ê³ ê°ì‚¬ì˜ 1,001ê°€ì§€ GenAI í™œìš© ì‚¬ë¡€.md"
https://velog.io/@euisuk-chung/Sora-2-ê³µì‹-í”„ë¡¬í”„íŒ…-ê°€ì´ë“œ,ê³µì‹ Sora 2 í”„ë¡¬í”„íŒ… ê°€ì´ë“œ: ì„±ê³µì ì¸ ë¹„ë””ì˜¤ ìƒì„±ì„ ìœ„í•œ ì‹¤ì „ ì „ëµ,success,2026-02-18 18:09:03.783539,52896e0d4e517107a518f151778782d9,_posts\2025\2025-10-08-ê³µì‹ Sora 2 í”„ë¡¬í”„íŒ… ê°€ì´ë“œ_ ì„±ê³µì ì¸ ë¹„ë””ì˜¤ ìƒì„±ì„ ìœ„í•œ ì‹¤ì „ ì „ëµ.md
https://velog.io/@euisuk-chung/OpenAI-DevDay-2025,OpenAI DevDay 2025 ì „ì²´ ë°œí‘œ ì •ë¦¬,success,2026-02-18 18:09:36.687890,6204e26127f6e7a01b55d02c730ccb19,_posts\2025\2025-10-08-OpenAI DevDay 2025 ì „ì²´ ë°œí‘œ ì •ë¦¬.md
https://velog.io/@euisuk-chung/OpenAI-Sora-2-ì¶œì‹œ,Sora 2 ì¶œì‹œ: ì˜ìƒ ìƒì„± AIì˜ ìƒˆë¡œìš´ íŒ¨ëŸ¬ë‹¤ì„,success,2026-02-18 18:09:55.856213,2b11f4023604bbc55b33f7befc69566e,_posts\2025\2025-10-01-Sora 2 ì¶œì‹œ_ ì˜ìƒ ìƒì„± AIì˜ ìƒˆë¡œìš´ íŒ¨ëŸ¬ë‹¤ì„.md
https://velog.io/@euisuk-chung/Antrophic-Claude-Sonnet-4.5-ì°¨ì„¸ëŒ€-AI-ëª¨ë¸-ê³µê°œ,"Antrophic, Claude Sonnet 4.5, ì°¨ì„¸ëŒ€ AI ëª¨ë¸ ê³µê°œ",success,2026-02-18 18:10:13.850066,963fb2a9177911233c477a864f454007,"_posts\2025\2025-09-30-Antrophic, Claude Sonnet 4.5, ì°¨ì„¸ëŒ€ AI ëª¨ë¸ ê³µê°œ.md"
https://velog.io/@euisuk-chung/GPT-5-Codex-ì™„ë²½-ê°€ì´ë“œ-AI-ì½”ë”©-ì—ì´ì „íŠ¸ì˜-ìƒˆë¡œìš´-íŒ¨ëŸ¬ë‹¤ì„,GPT-5-Codex ì™„ë²½ ê°€ì´ë“œ: AI ì½”ë”© ì—ì´ì „íŠ¸ì˜ ìƒˆë¡œìš´ íŒ¨ëŸ¬ë‹¤ì„,success,2026-02-18 18:10:30.254589,1c9cb6b2c806486c42f994178ce1dc8d,_posts\2025\2025-09-29-GPT-5-Codex ì™„ë²½ ê°€ì´ë“œ_ AI ì½”ë”© ì—ì´ì „íŠ¸ì˜ ìƒˆë¡œìš´ íŒ¨ëŸ¬ë‹¤ì„.md
https://velog.io/@euisuk-chung/Paper-Review-MM-Groundung-DINO-An-Open-and-Comprehensive-Pipeline-for-Unified-Object-Grounding-and-Detection,[Paper Review] MM-Groundung-DINO : An Open and Comprehensive Pipeline for Unified Object Grounding and Detection,success,2026-02-18 18:10:56.513448,a9fdce9a98fb556284702eb3c02289c8,_posts\2025\2025-09-15-[Paper Review] MM-Groundung-DINO _ An Open and Comprehensive Pipeline for Unified Object Grounding and Detection.md
https://velog.io/@euisuk-chung/Paper-Review-Learning-Strong-Open-Vocabulary-Object-Detectors-under-theSupervision-of-Large-Language-Models,"[Paper Review] LLM-Det : Learning Strong Open-Vocabulary Object Detectors under the
Supervision of Large Language Models",success,2026-02-18 18:11:14.840313,cd14096a935efecdef00406a203b0f68,_posts\2025\2025-09-15-[Paper Review] LLM-Det _ Learning Strong Open-Vocabulary Object Detectors under the_Supervision of Large Language Models.md
https://velog.io/@euisuk-chung/ì§€ê¸ˆ-ì£¼ëª©í• -LLM-ê¸°ìˆ -íŠ¸ë Œë“œì™€-ìƒì„±í˜•-AI-ì ìš©-ì „ëµ-Naver-Cloud,[ì •ë¦¬] ì§€ê¸ˆ ì£¼ëª©í•  LLM ê¸°ìˆ  íŠ¸ë Œë“œì™€ ìƒì„±í˜• AI ì ìš© ì „ëµ - Naver Cloud,success,2026-02-18 18:11:38.472678,ec8a8cc3c8f5baa2f73ced0603197c5c,_posts\2025\2025-09-15-[ì •ë¦¬] ì§€ê¸ˆ ì£¼ëª©í•  LLM ê¸°ìˆ  íŠ¸ë Œë“œì™€ ìƒì„±í˜• AI ì ìš© ì „ëµ - Naver Cloud.md
https://velog.io/@euisuk-chung/Paper-Review-OmDetTurbo-Real-time-Transformer-ê¸°ë°˜-Efficient-Fusion-Headë¥¼-í™œìš©í•œ-Open-Vocabulary-Detection,[Paper Review] OmDet_Turbo : Real-time Transformer-based Open-Vocabulary Detection with Efficient Fusion Head,success,2026-02-18 18:12:00.103745,87c8a6ec54d9ac68a0945ba20fea8dce,_posts\2025\2025-09-14-[Paper Review] OmDet_Turbo _ Real-time Transformer-based Open-Vocabulary Detection with Efficient Fusion Head.md
https://velog.io/@euisuk-chung/Paper-Review-RT-DETRv2-Improved-Baseline-with-Bag-of-Freebies-forReal-Time-Detection-Transformer,"[Paper Review] RT-DETRv2: Improved Baseline with Bag-of-Freebies for
Real-Time Detection Transformer",success,2026-02-18 18:12:17.299332,bbec0a7ddc846bb97dac14dea560ce06,_posts\2025\2025-09-14-[Paper Review] RT-DETRv2_ Improved Baseline with Bag-of-Freebies for_Real-Time Detection Transformer.md
https://velog.io/@euisuk-chung/ë‚˜ë…¸ë°”ë‚˜ë‚˜-í”„ë¡¬í”„íŠ¸-ê³µì‹,[ì •ë¦¬] êµ¬ê¸€ì˜ ë‚˜ë…¸ë°”ë‚˜ë‚˜ í”„ë¡¬í”„íŠ¸ ê³µì‹ ê³µê°œí•˜ë‹¤,success,2026-02-18 18:12:35.106477,77480a50e01a08e43699ec3efbc0086a,_posts\2025\2025-09-09-[ì •ë¦¬] êµ¬ê¸€ì˜ ë‚˜ë…¸ë°”ë‚˜ë‚˜ í”„ë¡¬í”„íŠ¸ ê³µì‹ ê³µê°œí•˜ë‹¤.md
https://velog.io/@euisuk-chung/OpenAI-ì–¸ì–´ëª¨ë¸-í™˜ê°Hallucination-í˜„ìƒ-ì™œ-AIëŠ”-í™•ì‹ ì—-ì°¬-ê±°ì§“ë§ì„-í• ê¹Œ,[OpenAI] ì–¸ì–´ëª¨ë¸ í™˜ê°(Hallucination) í˜„ìƒ: ì™œ AIëŠ” í™•ì‹ ì— ì°¬ ê±°ì§“ë§ì„ í• ê¹Œ?,success,2026-02-18 18:12:59.160674,9e6aef551e473f17a5402c60ec12575c,_posts\2025\2025-09-07-[OpenAI] ì–¸ì–´ëª¨ë¸ í™˜ê°(Hallucination) í˜„ìƒ_ ì™œ AIëŠ” í™•ì‹ ì— ì°¬ ê±°ì§“ë§ì„ í• ê¹Œ_.md
https://velog.io/@euisuk-chung/ì •ë¦¬-AIê°€-ì°½ì¶œí•˜ëŠ”-5ê°€ì§€-ìƒˆë¡œìš´-ì§ì—…ê³¼-ì „ë¬¸ê°€-ë˜ëŠ”-ë°©ë²•,[ì •ë¦¬] AIê°€ ì°½ì¶œí•˜ëŠ” 5ê°€ì§€ ìƒˆë¡œìš´ ì§ì—…ê³¼ ì „ë¬¸ê°€ ë˜ëŠ” ë°©ë²•,success,2026-02-18 18:13:19.677013,f8e831583e90319aa43b298d042f4c16,_posts\2025\2025-09-06-[ì •ë¦¬] AIê°€ ì°½ì¶œí•˜ëŠ” 5ê°€ì§€ ìƒˆë¡œìš´ ì§ì—…ê³¼ ì „ë¬¸ê°€ ë˜ëŠ” ë°©ë²•.md
https://velog.io/@euisuk-chung/GPT-5-ì›ì‚¬ì´ì¦ˆ-í•ì˜-ì°©ê°ê³¼-ê³¨ë””ë½ìŠ¤-í”„ë¡¬í”„íŠ¸,[ì •ë¦¬] GPT-5 â€˜ì›ì‚¬ì´ì¦ˆ í•â€™ì˜ ì°©ê°ê³¼ ê³¨ë””ë½ìŠ¤ í”„ë¡¬í”„íŠ¸,success,2026-02-18 18:13:38.194006,238349181fab1c33aa03381e7cedbe2e,_posts\2025\2025-09-05-[ì •ë¦¬] GPT-5 â€˜ì›ì‚¬ì´ì¦ˆ í•â€™ì˜ ì°©ê°ê³¼ ê³¨ë””ë½ìŠ¤ í”„ë¡¬í”„íŠ¸.md
https://velog.io/@euisuk-chung/OpenAI-Realtime-Prompting-Guide,[OpenAI][ë²ˆì—­] Realtime Prompting Guide,success,2026-02-18 18:13:54.029757,16410f521adab31c51eefef664ceedf8,_posts\2025\2025-08-31-[OpenAI][ë²ˆì—­] Realtime Prompting Guide.md
https://velog.io/@euisuk-chung/OpenAI-GPT-Realtime-API,[OpenAI] GPT Realtime API: ìŒì„± ê¸°ë°˜ AI ì—ì´ì „íŠ¸ì˜ ìƒˆë¡œìš´ ì „í™˜ì ,success,2026-02-18 18:14:10.368414,77482821d622f62d99d5fbcf887327b1,_posts\2025\2025-08-31-[OpenAI] GPT Realtime API_ ìŒì„± ê¸°ë°˜ AI ì—ì´ì „íŠ¸ì˜ ìƒˆë¡œìš´ ì „í™˜ì .md
https://velog.io/@euisuk-chung/Paper-Review-EXAONE-Path-2.0-Pathology-Foundation-Model-with-End-to-End-Supervision,[Paper Review] EXAONE Path 2.0: Pathology Foundation Model with End-to-End Supervision,success,2026-02-18 18:14:22.390336,f7429f6414e5b5babe29aaa54b1049cf,_posts\2025\2025-08-30-[Paper Review] EXAONE Path 2.0_ Pathology Foundation Model with End-to-End Supervision.md
https://velog.io/@euisuk-chung/Paper-Review-EXAONE-Deep-Reasoning-Enhanced-Language-Models,[Paper Review] EXAONE Deep: Reasoning Enhanced Language Models,success,2026-02-18 18:14:38.021078,99aa6aa69a9cd1b3d7c6c1292424618c,_posts\2025\2025-08-30-[Paper Review] EXAONE Deep_ Reasoning Enhanced Language Models.md
https://velog.io/@euisuk-chung/Paper-Review-EXAONE-3.5-Series-of-Large-Language-Models-for-Real-world-Use-Cases,[Paper Review] EXAONE 3.5: Series of Large Language Models for Real-world Use Cases,success,2026-02-18 18:14:56.897065,efa4d7f41fc08fb929adb07e3008dbce,_posts\2025\2025-08-30-[Paper Review] EXAONE 3.5_ Series of Large Language Models for Real-world Use Cases.md
https://velog.io/@euisuk-chung/Paper-Review-EXAONE-4.0-Unified-Large-Language-Models-IntegratingNon-reasoning-and-Reasoning-Modes,"[Paper Review] EXAONE 4.0: Unified Large Language Models Integrating
Non-reasoning and Reasoning Modes",success,2026-02-18 18:15:13.136095,175686d9435ce40d4487e22503326179,_posts\2025\2025-08-29-[Paper Review] EXAONE 4.0_ Unified Large Language Models Integrating_Non-reasoning and Reasoning Modes.md
https://velog.io/@euisuk-chung/Paper-Review-Qwen-Image-Technical-Report,[Paper Review] Qwen-Image Technical Report,success,2026-02-18 18:15:29.085027,57d2304448d7a178b60a12589ac7e0f1,_posts\2025\2025-08-29-[Paper Review] Qwen-Image Technical Report.md
https://velog.io/@euisuk-chung/Paper-Review-Qwen-Audio-Advancing-Universal-Audio-Understanding-via-Unified-Large-Scale-Audio-Language-Models,[Paper Review] Qwen-Audio: Advancing Universal Audio Understanding via Unified Large-Scale Audio-Language Models,success,2026-02-18 18:15:45.157504,5c0bd8d6b99b5f40094909a6e0fb932e,_posts\2025\2025-08-29-[Paper Review] Qwen-Audio_ Advancing Universal Audio Understanding via Unified Large-Scale Audio-Language Models.md
https://velog.io/@euisuk-chung/Paper-Review-Qwen-VL-A-Versatile-Vision-Language-Model-for-Understanding-Localization-Text-Reading-and-Beyond,"[Paper Review] Qwen-VL: A Versatile Vision-Language Model for Understanding, Localization, Text Reading, and Beyond",success,2026-02-18 18:16:03.856719,5c60a64df3fe3fb1398d80c5eb6c40dc,"_posts\2025\2025-08-29-[Paper Review] Qwen-VL_ A Versatile Vision-Language Model for Understanding, Localization, Text Reading, and Beyond.md"
https://velog.io/@euisuk-chung/Paper-Review-Qwen-Technical-Report,[Paper Review] Qwen Technical Report,success,2026-02-18 18:16:19.205018,4e67a12db8474189a0bd370198f87250,_posts\2025\2025-08-29-[Paper Review] Qwen Technical Report.md
https://velog.io/@euisuk-chung/ì›ê²©ì—ì„œ-ë¹„ë°€ë²ˆí˜¸-ì—†ì´-ì ‘ì†í•˜ê¸°,[ì ‘ì†] ì›ê²© ê°œë°œì—ì„œ ë¹„ë°€ë²ˆí˜¸ ì—†ì´ ì ‘ì†í•˜ê¸° (SSH/VSCODE ì›ê²© ì ‘ì†),success,2026-02-18 18:16:52.358890,ed6a50bc0c8d4dcfa123c388cb70c0d4,_posts\2025\2025-08-20-[ì ‘ì†] ì›ê²© ê°œë°œì—ì„œ ë¹„ë°€ë²ˆí˜¸ ì—†ì´ ì ‘ì†í•˜ê¸° (SSH_VSCODE ì›ê²© ì ‘ì†).md
https://velog.io/@euisuk-chung/Lovable-ë°”ì´ë¸Œ-ì½”ë”©-ìš©ì–´ì§‘,[Tips] Lovable ë°”ì´ë¸Œ-ì½”ë”© ìš©ì–´ì§‘,success,2026-02-18 18:17:07.784294,c627b1741b94e682ee877f479a977864,_posts\2025\2025-08-20-[Tips] Lovable ë°”ì´ë¸Œ-ì½”ë”© ìš©ì–´ì§‘.md
https://velog.io/@euisuk-chung/Tips-Lovable-í”„ë¡¬í”„íŠ¸-ë°-í†µí•©-ì „ëµ,[Tips] Lovable í”„ë¡¬í”„íŠ¸ ë° í†µí•© ì „ëµ,success,2026-02-18 18:17:23.537006,7d2eb4b796c74e3cdd7aa692bfa67656,_posts\2025\2025-08-18-[Tips] Lovable í”„ë¡¬í”„íŠ¸ ë° í†µí•© ì „ëµ.md
https://velog.io/@euisuk-chung/Tips-Lovable-ë””ë²„ê¹…-í”„ë¡¬í”„íŠ¸,[Tips] Lovable ë””ë²„ê¹… í”„ë¡¬í”„íŠ¸,success,2026-02-18 18:17:41.282900,9959f5c3663ec8163943b712cdfe480a,_posts\2025\2025-08-18-[Tips] Lovable ë””ë²„ê¹… í”„ë¡¬í”„íŠ¸.md
https://velog.io/@euisuk-chung/Tips-Lovable-í”„ë¡¬í”„íŠ¸-ë¼ì´ë¸ŒëŸ¬ë¦¬,[Tips] Lovable í”„ë¡¬í”„íŠ¸ ë¼ì´ë¸ŒëŸ¬ë¦¬,success,2026-02-18 18:17:57.727266,d9eefc743bb9f3a496a3a63f4efe2236,_posts\2025\2025-08-18-[Tips] Lovable í”„ë¡¬í”„íŠ¸ ë¼ì´ë¸ŒëŸ¬ë¦¬.md
https://velog.io/@euisuk-chung/Tips-Lovable-Prompting-101,[Tips] Lovable Prompting Tips ê³µê°œ!! : Prompting 1.1,success,2026-02-18 18:18:13.921977,21c102931d5f87072a3201f44266fb4a,_posts\2025\2025-08-18-[Tips] Lovable Prompting Tips ê³µê°œ!! _ Prompting 1.1.md
https://velog.io/@euisuk-chung/Tips-Lovable-Vibe-Coding-Best-Practices,[Tips] Lovable Vibe-Coding Best Practices,success,2026-02-18 18:18:33.059435,a327b18048dd12cd54dd47ade2e83ea0,_posts\2025\2025-08-18-[Tips] Lovable Vibe-Coding Best Practices.md
https://velog.io/@euisuk-chung/OpenAIë²ˆì—­-GPT-5-Prompting-Guide,[OpenAI][ë²ˆì—­] GPT-5 Prompting Guide,success,2026-02-18 18:18:49.927499,f65aef4c20702c1445655d64b860c928,_posts\2025\2025-08-10-[OpenAI][ë²ˆì—­] GPT-5 Prompting Guide.md
https://velog.io/@euisuk-chung/OpenAI-GPT-5-ë°•ì‚¬ê¸‰-ì „ë¬¸ê°€-ëª¨ë¸-ê³µê°œ,"[OpenAI] GPT-5 ê³µê°œ, ë°•ì‚¬ê¸‰ ì „ë¬¸ê°€ê°€ ì£¼ë¨¸ë‹ˆ ì†ì— ë“¤ì–´ì˜¤ë‹¤!",success,2026-02-18 18:19:06.948954,1bd0431e5085f4eca3b79090295c5bf1,"_posts\2025\2025-08-08-[OpenAI] GPT-5 ê³µê°œ, ë°•ì‚¬ê¸‰ ì „ë¬¸ê°€ê°€ ì£¼ë¨¸ë‹ˆ ì†ì— ë“¤ì–´ì˜¤ë‹¤!.md"
https://velog.io/@euisuk-chung/Anthropic-í”„ë¡œë•ì…˜ì—ì„œì˜-Vibe-Coding,[Anthropic] í”„ë¡œë•ì…˜ì—ì„œì˜ Vibe Coding,success,2026-02-18 18:19:23.996316,190ad1269c2a132b772237936cfe5feb,_posts\2025\2025-08-01-[Anthropic] í”„ë¡œë•ì…˜ì—ì„œì˜ Vibe Coding.md
https://velog.io/@euisuk-chung/Paper-Review-A-generic-non-invasive-neuromotorinterface-for-human-computer-interaction,[Paper Review] A generic non-invasive neuromotor interface for human-computer interaction,success,2026-02-18 18:19:40.989617,f427eabbae2e529baf1218afa7e4f600,_posts\2025\2025-07-31-[Paper Review] A generic non-invasive neuromotor interface for human-computer interaction.md
https://velog.io/@euisuk-chung/openAI-ChatGPT-Study-Mode-GPTë¡œ-í•™ìŠµí•˜ì,[OpenAI] ChatGPT Study Mode: GPTë¡œ í•™ìŠµí•˜ì!,success,2026-02-18 18:19:56.720912,cdf28f0fabdd87712b25afc9f7c8b15f,_posts\2025\2025-07-30-[OpenAI] ChatGPT Study Mode_ GPTë¡œ í•™ìŠµí•˜ì!.md
https://velog.io/@euisuk-chung/Anthropic-Claude-Code-ì¼€ì´ìŠ¤-ìŠ¤í„°ë””,[Anthropic] AnthropicíŒ€ì€ ì–´ë–»ê²Œ Claude Codeë¥¼ ì‚¬ìš©í•˜ëŠ”ê°€?,success,2026-02-18 18:20:09.316512,e5fc621fd8de5496a24c6c976182f7ae,_posts\2025\2025-07-28-[Anthropic] AnthropicíŒ€ì€ ì–´ë–»ê²Œ Claude Codeë¥¼ ì‚¬ìš©í•˜ëŠ”ê°€_.md
https://velog.io/@euisuk-chung/Anthropic-Prompt-Engineering-ì™„ë²½-ê°€ì´ë“œ,Anthropic ç¤¾ì˜ Prompt Engineering ì™„ë²½ ê°€ì´ë“œ,success,2026-02-18 18:20:25.159386,0b8bff1b283b5ad1547fdd3990ee48e8,_posts\2025\2025-07-25-Anthropic ç¤¾ì˜ Prompt Engineering ì™„ë²½ ê°€ì´ë“œ.md
https://velog.io/@euisuk-chung/Paper-Review-An-Efficient-Statistical-Method-for-Image-Noise-Level-Estimation,[Paper Review] An Efficient Statistical Method for Image Noise Level Estimation,success,2026-02-18 18:20:44.274419,217ea87c1af72b4c65ebf91b7d0bbbd4,_posts\2025\2025-07-25-[Paper Review] An Efficient Statistical Method for Image Noise Level Estimation.md
https://velog.io/@euisuk-chung/LG-AI-Talk-Concert-2025-Shaping-the-Future-of-AI,[LG] LG AI Talk Concert 2025 - Shaping the Future of AI,success,2026-02-18 18:21:03.528006,4455d6872cb1ffd40049fd2ff65c1b08,_posts\2025\2025-07-23-[LG] LG AI Talk Concert 2025 - Shaping the Future of AI.md
https://velog.io/@euisuk-chung/OpenAI-Introducing-ChatGPT-agent,[OpenAI] Introducing ChatGPT agent,success,2026-02-18 18:21:21.688653,87d22b68f372133a73d9e549bd126a67,_posts\2025\2025-07-20-[OpenAI] Introducing ChatGPT agent.md
https://velog.io/@euisuk-chung/Skywork.ai-ê³¼ì—°-GenSpark-ë¶ì„-êº¾ì„-ìˆ˜-ìˆëŠ”ê°€,[íŠ¸ë Œë“œ] Skywork.ai ê³¼ì—° GenSpark ë¶ì„ êº¾ì„ ìˆ˜ ìˆëŠ”ê°€,success,2026-02-18 18:21:40.659358,278b940d899c6199e7bf2b9761ff3ed8,_posts\2025\2025-07-02-[íŠ¸ë Œë“œ] Skywork.ai ê³¼ì—° GenSpark ë¶ì„ êº¾ì„ ìˆ˜ ìˆëŠ”ê°€.md
https://velog.io/@euisuk-chung/ê¿€íˆ´-ì½”ë”©-ì—†ì´-ì›¹ì•±-ë§Œë“¤ê¸°-Lovable-ì™„ì „-ê°€ì´ë“œ,[Lovable] ì½”ë”© ì—†ì´ ì›¹/ì•± ë§Œë“¤ê¸° : Lovable ì™„ì „ ê°€ì´ë“œ,success,2026-02-18 18:22:22.369639,0e09661c0a1912b1f1e9815aa27fccf4,_posts\2025\2025-06-08-[Lovable] ì½”ë”© ì—†ì´ ì›¹_ì•± ë§Œë“¤ê¸° _ Lovable ì™„ì „ ê°€ì´ë“œ.md
https://velog.io/@euisuk-chung/ê°€ì´ë“œ-Ollama-LangChain-ì‹¤ì „-ê°€ì´ë“œ-ChatOllama-ì‚¬ìš©í•˜ê¸°,[ê°€ì´ë“œ] Ollama + LangChain ì‹¤ì „ ê°€ì´ë“œ - ChatOllama ì‚¬ìš©í•˜ê¸°,success,2026-02-18 18:22:44.412001,bd19632a105142cea02e95b58707c1fa,_posts\2025\2025-05-30-[ê°€ì´ë“œ] Ollama + LangChain ì‹¤ì „ ê°€ì´ë“œ - ChatOllama ì‚¬ìš©í•˜ê¸°.md
https://velog.io/@euisuk-chung/ê°€ì´ë“œ-Pythonì—ì„œ-Ollama-ì‚¬ìš©í•˜ê¸°-ì„¤ì¹˜ë¶€í„°-AI-ì—ì´ì „íŠ¸-ë§Œë“¤ê¸°,[ê°€ì´ë“œ] Pythonì—ì„œ Ollama ì‚¬ìš©í•˜ê¸°: ì„¤ì¹˜ë¶€í„° AI ì—ì´ì „íŠ¸ ë§Œë“¤ê¸°,success,2026-02-18 18:22:59.939138,24d345debb461fb2b3668bb52ef65b4b,_posts\2025\2025-05-29-[ê°€ì´ë“œ] Pythonì—ì„œ Ollama ì‚¬ìš©í•˜ê¸°_ ì„¤ì¹˜ë¶€í„° AI ì—ì´ì „íŠ¸ ë§Œë“¤ê¸°.md
https://velog.io/@euisuk-chung/Claude-4-ì†Œí”„íŠ¸ì›¨ì–´-ì—”ì§€ë‹ˆì–´ë§-ì„±ëŠ¥ì˜-ìƒˆë¡œìš´-ê¸°ì¤€,"Claude 4, ì†Œí”„íŠ¸ì›¨ì–´ ì—”ì§€ë‹ˆì–´ë§ ì„±ëŠ¥ì˜ ìƒˆë¡œìš´ ê¸°ì¤€",success,2026-02-18 18:23:30.439139,b22e44c230d98b21e5dec48ab3be0c1d,"_posts\2025\2025-05-25-Claude 4, ì†Œí”„íŠ¸ì›¨ì–´ ì—”ì§€ë‹ˆì–´ë§ ì„±ëŠ¥ì˜ ìƒˆë¡œìš´ ê¸°ì¤€.md"
https://velog.io/@euisuk-chung/ChatGPTë¥¼-ì§„ì§œ-ì“¸ëª¨-ìˆê²Œ-ë§Œë“œëŠ”-ê°„ë‹¨í•œ-ë°©ë²•,"ChatGPTë¥¼ ì§„ì§œ ""ì“¸ëª¨ ìˆê²Œ"" ë§Œë“œëŠ” ê°„ë‹¨í•œ ë°©ë²•",success,2026-02-18 18:24:41.933216,070f0b34d035a5543ebc87284c48a3c6,_posts\2025\2025-05-12-ChatGPTë¥¼ ì§„ì§œ _ì“¸ëª¨ ìˆê²Œ_ ë§Œë“œëŠ” ê°„ë‹¨í•œ ë°©ë²•.md
https://velog.io/@euisuk-chung/Midjourney-ê¸°ì´ˆ-ê°€ì´ë“œ,[ê¿€íŒ] ë¯¸ë“œì €ë‹ˆ(Midjourney) ê¸°ì´ˆ ê°€ì´ë“œ,success,2026-02-18 18:25:01.494203,1b7d854e22ea3cc93b39ed1481db7e41,_posts\2025\2025-05-01-[ê¿€íŒ] ë¯¸ë“œì €ë‹ˆ(Midjourney) ê¸°ì´ˆ ê°€ì´ë“œ.md
https://velog.io/@euisuk-chung/ê°œë…-APIì—-ëŒ€í•´ì„œ-ì´í•´í•´ë³´ì,[ê°œë…] APIì— ëŒ€í•´ì„œ ì´í•´í•´ë³´ì!,success,2026-02-18 18:25:23.860954,0ff7cee3fe0199bbf9e6cdc2db24e756,_posts\2025\2025-04-27-[ê°œë…] APIì— ëŒ€í•´ì„œ ì´í•´í•´ë³´ì!.md
https://velog.io/@euisuk-chung/ë‚´ê°€-ë³´ë ¤ê³ -ì •ë¦¬í•œ-í„°ë¯¸ë„-í•¨ìˆ˜-25ì„ ,ë‚´ê°€ ë³´ë ¤ê³  ì •ë¦¬í•œ í„°ë¯¸ë„ í•¨ìˆ˜ 25ì„ ,success,2026-02-18 18:25:44.989784,272e916739b151b230daf5a1706d63d9,_posts\2025\2025-04-24-ë‚´ê°€ ë³´ë ¤ê³  ì •ë¦¬í•œ í„°ë¯¸ë„ í•¨ìˆ˜ 25ì„ .md
https://velog.io/@euisuk-chung/ì‚¬ëŒì²˜ëŸ¼-ê¸€ì„-ì“°ëŠ”-í”„ë¡¬í”„íŒ…-íŒ,[ê¿€íŒ] ì‚¬ëŒì²˜ëŸ¼ ê¸€ì„ ì“°ëŠ” í”„ë¡¬í”„íŒ… íŒ,success,2026-02-18 18:26:27.059524,41eb7bf7fd6492024c4aa340edd574f6,_posts\2025\2025-04-18-[ê¿€íŒ] ì‚¬ëŒì²˜ëŸ¼ ê¸€ì„ ì“°ëŠ” í”„ë¡¬í”„íŒ… íŒ.md
https://velog.io/@euisuk-chung/OpenAI-o3-o4-mini-ê³µê°œ-AI-ì¶”ë¡ ì˜-ì§„í™”,"OpenAI, o3 & o4-mini ê³µê°œ: AI ì¶”ë¡ ì˜ ì§„í™”",success,2026-02-18 18:27:18.895313,460132c400b6c93d43080b7aee1b3d44,"_posts\2025\2025-04-17-OpenAI, o3 and o4-mini ê³µê°œ_ AI ì¶”ë¡ ì˜ ì§„í™”.md"
https://velog.io/@euisuk-chung/OPENAI-GPT-4.1-ê°œë°œììš©-API-ê³µê°œ,"OpenAI, ê°œë°œììš© API GPT 4.1 ê³µê°œ",success,2026-02-18 18:27:37.763808,8898dba01c7d8a4ca69c52c2d93ca786,"_posts\2025\2025-04-15-OpenAI, ê°œë°œììš© API GPT 4.1 ê³µê°œ.md"
https://velog.io/@euisuk-chung/ê¿€íŒ-Sora-AI-ì†Œê°œ-ë°-Presets-ê¸°ëŠ¥-í™œìš©-ê°€ì´ë“œ,[ê¿€íŒ] Sora AI ì†Œê°œ ë° Presets ê¸°ëŠ¥ í™œìš© ê°€ì´ë“œ,success,2026-02-18 18:27:59.340915,fb6f8bdf7cae8919ca300e06cc28603a,_posts\2025\2025-04-13-[ê¿€íŒ] Sora AI ì†Œê°œ ë° Presets ê¸°ëŠ¥ í™œìš© ê°€ì´ë“œ.md
https://velog.io/@euisuk-chung/Google-NotebookLM-ë‚˜ë§Œì˜-AI-ì§€ì‹-ë¹„ì„œ,Google NotebookLM: ë‚˜ë§Œì˜ AI ì§€ì‹ ë¹„ì„œ,success,2026-02-18 18:28:18.854168,0ea3db4cb8e17c600c57123d9e4152ac,_posts\2025\2025-04-11-Google NotebookLM_ ë‚˜ë§Œì˜ AI ì§€ì‹ ë¹„ì„œ.md
https://velog.io/@euisuk-chung/Google-Cloud-Next-2025-Opening-Keynote-ì •ë¦¬,Google Cloud Next 2025 Opening Keynote ì •ë¦¬,success,2026-02-18 18:28:41.843931,733fb4b309f11f19cdee8144942bf0f6,_posts\2025\2025-04-11-Google Cloud Next 2025 Opening Keynote ì •ë¦¬.md
https://velog.io/@euisuk-chung/MCP-ì™„ì „-ì •ë³µí•˜ê¸°,[ê°œë…] ëª¨ë¸ ì»¨í…ìŠ¤íŠ¸ í”„ë¡œí† ì½œ(MCP) ì™„ì „ ì •ë³µ,success,2026-02-18 18:28:58.534411,05cf7aaceb8e1355a309abe80fd1a620,_posts\2025\2025-03-29-[ê°œë…] ëª¨ë¸ ì»¨í…ìŠ¤íŠ¸ í”„ë¡œí† ì½œ(MCP) ì™„ì „ ì •ë³µ.md
https://velog.io/@euisuk-chung/OpenAI-Audio-Models-in-the-API-ì¶œì‹œ,"OpenAI, Audio Models in the API ì¶œì‹œ",success,2026-02-18 18:29:50.039117,93a7e7b93bfb87307f73449f453bcb6a,"_posts\2025\2025-03-22-OpenAI, Audio Models in the API ì¶œì‹œ.md"
https://velog.io/@euisuk-chung/ì¸í„°ë·°-ì  ìŠ¨í™©ì´-ë§í•˜ëŠ”-AIì˜-ë¯¸ë˜,[ì¸í„°ë·°] NVIDIA CEO ì  ìŠ¨í™©ì´ ë§í•˜ëŠ” AIì˜ ë¯¸ë˜,success,2026-02-18 18:30:10.240982,1b0ec45f1eae52b5a94aa2a547753bf6,_posts\2025\2025-03-15-[ì¸í„°ë·°] NVIDIA CEO ì  ìŠ¨í™©ì´ ë§í•˜ëŠ” AIì˜ ë¯¸ë˜.md
https://velog.io/@euisuk-chung/OpenAI-ìƒˆë¡œìš´-ì—ì´ì „íŠ¸-ê°œë°œ-ë„êµ¬-ë°œí‘œ,"OpenAI, ìƒˆë¡œìš´ ì—ì´ì „íŠ¸ ê°œë°œ ë„êµ¬ ë°œí‘œ",success,2026-02-18 18:30:31.811306,b25f244398fec9429d198889ebd870c8,"_posts\2025\2025-03-12-OpenAI, ìƒˆë¡œìš´ ì—ì´ì „íŠ¸ ê°œë°œ ë„êµ¬ ë°œí‘œ.md"
https://velog.io/@euisuk-chung/ë©”íƒ€-ë¶„ì„ê³¼-ì„œë² ì´-í˜ì´í¼-ê°œë…ì •ë¦¬,[ê°œë…ì •ë¦¬] ë©”íƒ€-ë¶„ì„ê³¼ ì„œë² ì´ í˜ì´í¼,success,2026-02-18 18:31:07.693803,46d8b769e0b4671b7b2e130e47b0ffde,_posts\2025\2025-03-09-[ê°œë…ì •ë¦¬] ë©”íƒ€-ë¶„ì„ê³¼ ì„œë² ì´ í˜ì´í¼.md
https://velog.io/@euisuk-chung/ë¨¸ì‹ ëŸ¬ë‹-ë¡œì§€ìŠ¤í‹±-íšŒê·€-ëª¨ë¸-Logistic-Regression,[ë¨¸ì‹ ëŸ¬ë‹] ë¡œì§€ìŠ¤í‹± íšŒê·€ ëª¨ë¸ (Logistic Regression),success,2026-02-18 18:31:39.050683,cc406ab0d6f1f9bd46fb4b71afe2cba4,_posts\2025\2025-03-07-[ë¨¸ì‹ ëŸ¬ë‹] ë¡œì§€ìŠ¤í‹± íšŒê·€ ëª¨ë¸ (Logistic Regression).md
https://velog.io/@euisuk-chung/ê¿€íŒ-VS-Code-íŠ¹ì •-ë²„ì „-ì„¤ì¹˜-ë°-ë‹¤ìš´ê·¸ë ˆì´ë“œ-ë°©ë²•,[ê¿€íŒ] VS Code íŠ¹ì • ë²„ì „ ì„¤ì¹˜ ë° ë‹¤ìš´ê·¸ë ˆì´ë“œ ë°©ë²•,success,2026-02-18 18:32:04.885672,29e7f832fc8c9709e199196233895d60,_posts\2025\2025-03-06-[ê¿€íŒ] VS Code íŠ¹ì • ë²„ì „ ì„¤ì¹˜ ë° ë‹¤ìš´ê·¸ë ˆì´ë“œ ë°©ë²•.md
https://velog.io/@euisuk-chung/Pandas-pickleíŒŒì¼ì˜-ì••ì¶•-ë°©ì‹-ë¹„êµ-ë°-í™œìš©-ê°€ì´ë“œ,[Pandas] íŒë‹¤ìŠ¤ í”¼í´(.pkl) íŒŒì¼ì˜ ì••ì¶• ë°©ì‹ ë¹„êµ,success,2026-02-18 18:32:25.010898,7e667114fa224121b7ce154bef16b745,_posts\2025\2025-03-04-[Pandas] íŒë‹¤ìŠ¤ í”¼í´(.pkl) íŒŒì¼ì˜ ì••ì¶• ë°©ì‹ ë¹„êµ.md
https://velog.io/@euisuk-chung/OpenAI-ë”-ìì—°ìŠ¤ëŸ½ê³ -ì§€ëŠ¥ì ì¸-ëŒ€í™”-ëŠ¥ë ¥ì„-ê°–ì¶˜-GPT-4.5-ì¶œì‹œ,"OpenAI, ë” ìì—°ìŠ¤ëŸ½ê³  ì§€ëŠ¥ì ì¸ ëŒ€í™” ëŠ¥ë ¥ì„ ê°–ì¶˜ GPT-4.5 ì¶œì‹œ",success,2026-02-18 18:32:39.244171,f4bd8c0042bedb89bef214035537f387,"_posts\2025\2025-02-28-OpenAI, ë” ìì—°ìŠ¤ëŸ½ê³  ì§€ëŠ¥ì ì¸ ëŒ€í™” ëŠ¥ë ¥ì„ ê°–ì¶˜ GPT-4.5 ì¶œì‹œ.md"
https://velog.io/@euisuk-chung/ë¦¬ë·°-ì‹ í˜¸ì²˜ë¦¬-ê¸°ì´ˆ-ì •ë¦¬í˜íœí•˜ì„ì˜-ã€Easy-ë”¥ëŸ¬ë‹ã€-yzyniith,[ë„ì„œë¦¬ë·°] ê²½ì‚¬ í•˜ê°•ë²• ê³„ë³´ ì •ë¦¬(í˜íœí•˜ì„ì˜ ã€Easy! ë”¥ëŸ¬ë‹ã€),success,2026-02-18 18:33:09.263564,c56e009f6e4c199c3b3cb66aa3efe668,_posts\2025\2025-02-08-[ë„ì„œë¦¬ë·°] ê²½ì‚¬ í•˜ê°•ë²• ê³„ë³´ ì •ë¦¬(í˜íœí•˜ì„ì˜ ã€Easy! ë”¥ëŸ¬ë‹ã€).md
https://velog.io/@euisuk-chung/OpenAI-Deep-Research-ê¸°ëŠ¥-ê³µê°œ,"OpenAI, Deep Research ê¸°ëŠ¥ ê³µê°œ",success,2026-02-18 18:33:37.303219,e67dc06538fcd0f92f8ac05e7e20f76a,"_posts\2025\2025-02-04-OpenAI, Deep Research ê¸°ëŠ¥ ê³µê°œ.md"
https://velog.io/@euisuk-chung/ì„¤ëª…ì¶”ê°€-ì›¨ì´íŠ¸-ì´ˆê¸°í™”-Weight-Initialization,(ì„¤ëª…ì¶”ê°€) ì›¨ì´íŠ¸ ì´ˆê¸°í™” (Weight Initialization),success,2026-02-18 18:34:16.383675,8c8479ffbee870ad2f7c5517e31edd0b,_posts\2025\2025-02-01-(ì„¤ëª…ì¶”ê°€) ì›¨ì´íŠ¸ ì´ˆê¸°í™” (Weight Initialization).md
https://velog.io/@euisuk-chung/openAI-o3-mini-release,OpenAI o3-mini: ìƒˆë¡œìš´ ë¹„ìš© íš¨ìœ¨ì  AI ëª¨ë¸ ì¶œì‹œ,success,2026-02-18 18:34:41.056882,349fbdeb2be60c5e274cb6221cb22976,_posts\2025\2025-02-01-OpenAI o3-mini_ ìƒˆë¡œìš´ ë¹„ìš© íš¨ìœ¨ì  AI ëª¨ë¸ ì¶œì‹œ.md
https://velog.io/@euisuk-chung/ì„¤ëª…ì¶”ê°€-Q-Learning-ê°•í™”í•™ìŠµì˜-í•µì‹¬-ê°œë…ê³¼-ì´í•´,(ì„¤ëª…ì¶”ê°€) Q-Learning: ê°•í™”í•™ìŠµì˜ í•µì‹¬ ê°œë…ê³¼ ì´í•´,success,2026-02-18 18:35:06.426601,fe67314604fbe3a8d1f03927b681cc73,_posts\2025\2025-01-31-(ì„¤ëª…ì¶”ê°€) Q-Learning_ ê°•í™”í•™ìŠµì˜ í•µì‹¬ ê°œë…ê³¼ ì´í•´.md
https://velog.io/@euisuk-chung/ê¿€íŒ-GPT-Canvasì—ì„œ-LaTeX-ìˆ˜ì‹-ëœë”ë§-ë¬¸ì œ-ë°-í•´ê²°-ë°©ë²•,[ê¿€íŒ] GPT Canvasì—ì„œ LaTeX ìˆ˜ì‹ ëœë”ë§ ë¬¸ì œ ë° í•´ê²° ë°©ë²•,success,2026-02-18 18:35:31.609294,3f71e8bf78b705f15a2ab4dc40e14ca5,_posts\2025\2025-01-28-[ê¿€íŒ] GPT Canvasì—ì„œ LaTeX ìˆ˜ì‹ ëœë”ë§ ë¬¸ì œ ë° í•´ê²° ë°©ë²•.md
https://velog.io/@euisuk-chung/NLP-6.-Topic-Modelingì´ë€,[NLP] 6. Topic Modelingì´ë€?,success,2026-02-18 18:36:01.070441,6ff2689a8e53bd9154d26b85e45a1882,_posts\2025\2025-01-28-[NLP] 6. Topic Modelingì´ë€_.md
https://velog.io/@euisuk-chung/NLP-Dimension-Reduction-Methods,[NLP] 5. ìì—°ì–´ ì°¨ì› ì¶•ì†Œ(Dimension Reduction) ê¸°ë²•,success,2026-02-18 18:36:25.851346,351a67a8dd97e8883a6af66a76a8af38,_posts\2025\2025-01-28-[NLP] 5. ìì—°ì–´ ì°¨ì› ì¶•ì†Œ(Dimension Reduction) ê¸°ë²•.md
https://velog.io/@euisuk-chung/ì„¤ëª…ì¶”ê°€-Perplexityì™€-BLEU-ìŠ¤ì½”ì–´ì—-ëŒ€í•œ-ìƒì„¸-ì •ë¦¬,(ì„¤ëª…ì¶”ê°€) Perplexityì™€ BLEU ìŠ¤ì½”ì–´ì— ëŒ€í•œ ë³´ì¶© ì„¤ëª…,success,2026-02-18 18:36:52.163388,870dc63d01e3f4985547298ef85d84de,_posts\2025\2025-01-26-(ì„¤ëª…ì¶”ê°€) Perplexityì™€ BLEU ìŠ¤ì½”ì–´ì— ëŒ€í•œ ë³´ì¶© ì„¤ëª….md
https://velog.io/@euisuk-chung/ã€Easy-ë”¥ëŸ¬ë‹ã€-ë”¥ëŸ¬ë‹-ì…ë¬¸ìë¥¼-ìœ„í•œ-ìµœê³ ì˜-ê°€ì´ë“œ,"[ë„ì„œì†Œê°œ] ë”¥ëŸ¬ë‹ ì…ë¬¸ìë¥¼ ìœ„í•œ ì±… ì¶”ì²œ, í˜íœí•˜ì„ ã€Easy! ë”¥ëŸ¬ë‹ã€",success,2026-02-18 18:37:21.571791,2f3a91a65b15587ef5cd8cdc794c35fa,"_posts\2025\2025-01-25-[ë„ì„œì†Œê°œ] ë”¥ëŸ¬ë‹ ì…ë¬¸ìë¥¼ ìœ„í•œ ì±… ì¶”ì²œ, í˜íœí•˜ì„ ã€Easy! ë”¥ëŸ¬ë‹ã€.md"
https://velog.io/@euisuk-chung/OpenAI-Introduction-to-Operator-Agents-Computer-Using-Agent,[OpenAI] Operator & Agents : Computer-Using Agent,success,2026-02-18 18:37:50.294061,8ccae9b253e0729f6f7425a727531345,_posts\2025\2025-01-24-[OpenAI] Operator and Agents _ Computer-Using Agent.md
https://velog.io/@euisuk-chung/ê¿€íŒ-ìœ ë‹ˆì½”ë“œ-ë¬¸ìí‘œ-ëª¨ìŒì§‘-ì‚¬ì´íŠ¸-ì†Œê°œ,[ê¿€íŒ] ìœ ë‹ˆì½”ë“œ ë¬¸ìí‘œ ëª¨ìŒì§‘ ì‚¬ì´íŠ¸ ì†Œê°œ!!,success,2026-02-18 18:38:11.059430,32fdcd5000cb20625caadb7ce7971427,_posts\2025\2025-01-22-[ê¿€íŒ] ìœ ë‹ˆì½”ë“œ ë¬¸ìí‘œ ëª¨ìŒì§‘ ì‚¬ì´íŠ¸ ì†Œê°œ!!.md
https://velog.io/@euisuk-chung/ChatGPT-Tasks-í˜ì‹ ì ì¸-ì‘ì—…-ê´€ë¦¬-ë„êµ¬,ChatGPT Tasks: í˜ì‹ ì ì¸ ì‘ì—… ê´€ë¦¬ ë„êµ¬,success,2026-02-18 18:38:37.644029,a2962b49ad9727929b3416253a28db9d,_posts\2025\2025-01-18-ChatGPT Tasks_ í˜ì‹ ì ì¸ ì‘ì—… ê´€ë¦¬ ë„êµ¬.md
https://velog.io/@euisuk-chung/CES-2025-Keynote-Accenture-Chair-and-CEO-Julie-Sweet,"[CES 2025] Keynote : Accenture Chair and CEO, Julie Sweet",success,2026-02-18 18:39:00.674597,dcf4ed35713772bf6d4615ce7b0b9d36,"_posts\2025\2025-01-09-[CES 2025] Keynote _ Accenture Chair and CEO, Julie Sweet.md"
https://velog.io/@euisuk-chung/CES-2025-Keynote-Volvo-Group-President-and-CEO-Martin-Lundstedt,"[CES 2025] Keynote : Volvo Group President and CEO, Martin Lundstedt",success,2026-02-18 18:39:24.713099,c37997bde1593aae158d3b0edf873afd,"_posts\2025\2025-01-09-[CES 2025] Keynote _ Volvo Group President and CEO, Martin Lundstedt.md"
https://velog.io/@euisuk-chung/CES-2025-CEO-of-Delta-Ed-Bastian,"[CES 2025] Keynote : CEO of Delta, Ed Bastian",success,2026-02-18 18:39:51.889997,2d0da8258c54cdc9f700f0907075f570,"_posts\2025\2025-01-09-[CES 2025] Keynote _ CEO of Delta, Ed Bastian.md"
https://velog.io/@euisuk-chung/CES-2025-Keynote-CEO-of-X-Corp-Linda-Yaccarino,"[CES 2025] Keynote : CEO of X Corp, Linda Yaccarino",success,2026-02-18 18:40:29.977911,b45e7c2d5baa041620f66f96557904e1,"_posts\2025\2025-01-09-[CES 2025] Keynote _ CEO of X Corp, Linda Yaccarino.md"
https://velog.io/@euisuk-chung/CES-2025-Keynote-SiriusXM-CEO-Jennifer-Witz,"[CES 2025] Keynote : SiriusXM CEO, Jennifer Witz",success,2026-02-18 18:41:05.670558,f6c75e5a3fcaab8fc8cf8bcc86e774dd,"_posts\2025\2025-01-09-[CES 2025] Keynote _ SiriusXM CEO, Jennifer Witz.md"
https://velog.io/@euisuk-chung/CES-2025-Keynote-Mr.-Yuki-Kusumi-group-CEO-Panasonic-Holdings,"[CES 2025] Keynote : Panasonic Holdings CEO , Mr. Yuki Kusumi",success,2026-02-18 18:41:27.269329,faebd3dbc620568511a6e087d94c1167,"_posts\2025\2025-01-09-[CES 2025] Keynote _ Panasonic Holdings CEO , Mr. Yuki Kusumi.md"
https://velog.io/@euisuk-chung/CES-2025-Keynote-NVIDIA-Founder-and-CEO-Jensen-Huang,"[CES 2025] Keynote : NVIDIA Founder and CEO, Jensen Huang",success,2026-02-18 18:41:49.878074,692d7860a59d7473a833a1293482eb4d,"_posts\2025\2025-01-09-[CES 2025] Keynote _ NVIDIA Founder and CEO, Jensen Huang.md"
https://velog.io/@euisuk-chung/Veo2-ì°¨ì„¸ëŒ€-AI-ë¹„ë””ì˜¤-ìƒì„±-ëª¨ë¸-Veo2-vs-Sora,Veo2: ì°¨ì„¸ëŒ€ AI ë¹„ë””ì˜¤ ìƒì„± ëª¨ë¸ (Veo2 vs Sora),success,2026-02-18 18:42:31.370599,eda985a200d7320e5d80eabe9720418f,_posts\2024\2024-12-31-Veo2_ ì°¨ì„¸ëŒ€ AI ë¹„ë””ì˜¤ ìƒì„± ëª¨ë¸ (Veo2 vs Sora).md
https://velog.io/@euisuk-chung/TREND-CES-2025-ë¯¸ë¦¬ë³´ê¸°-CES-2025ì—ì„œ-ì£¼ëª©í•´ì•¼-í• -íŠ¸ë Œë“œ-ì‚´í´ë³´ì,[TREND] CES 2025 ë¯¸ë¦¬ë³´ê¸° : CES 2025ì—ì„œ ì£¼ëª©í•´ì•¼ í•  íŠ¸ë Œë“œ ì‚´í´ë³´ì!,success,2026-02-18 18:42:49.771791,e5c95ad1b26a73357503acd5bdea64e2,_posts\2024\2024-12-30-[TREND] CES 2025 ë¯¸ë¦¬ë³´ê¸° _ CES 2025ì—ì„œ ì£¼ëª©í•´ì•¼ í•  íŠ¸ë Œë“œ ì‚´í´ë³´ì!.md
https://velog.io/@euisuk-chung/ì •ë¦¬-24ë…„-AI-Summit-ë¼ë§ˆ-ê°œë°œ-ë¦¬ë”ê°€-ì„¤ëª…í•˜ëŠ”-LLM-Small-Models-ìµœì‹ -ê¸°ë²•-Soumya-Batra,[ì •ë¦¬] '24ë…„ AI Summit : 'ë¼ë§ˆ' ê°œë°œ ë¦¬ë”ê°€ ì„¤ëª…í•˜ëŠ” LLM : Small Models ìµœì‹  ê¸°ë²• - Soumya Batra,success,2026-02-18 18:43:13.745351,4f6ca630ab29820df9879edf5b41e918,_posts\2024\2024-12-25-[ì •ë¦¬] _24ë…„ AI Summit _ _ë¼ë§ˆ_ ê°œë°œ ë¦¬ë”ê°€ ì„¤ëª…í•˜ëŠ” LLM _ Small Models ìµœì‹  ê¸°ë²• - Soumya Batra.md
https://velog.io/@euisuk-chung/ì •ë¦¬-24ë…„-AI-Summit-ì‰½ê²Œ-ì´í•´í•˜ëŠ”-RAGì™€-ì—ì´ì „íŠ¸-AI-ê¸°ìˆ ì˜-í˜„ì¬ì™€-ë¯¸ë˜-Microsoft,[ì •ë¦¬] '24ë…„ AI Summit : ì‰½ê²Œ ì´í•´í•˜ëŠ” RAGì™€ ì—ì´ì „íŠ¸ AI ê¸°ìˆ ì˜ í˜„ì¬ì™€ ë¯¸ë˜ - ìµœìœ¤ì„,success,2026-02-18 18:43:33.498506,53c767d27d2cd526e22f06d461aa3b6b,_posts\2024\2024-12-25-[ì •ë¦¬] _24ë…„ AI Summit _ ì‰½ê²Œ ì´í•´í•˜ëŠ” RAGì™€ ì—ì´ì „íŠ¸ AI ê¸°ìˆ ì˜ í˜„ì¬ì™€ ë¯¸ë˜ - ìµœìœ¤ì„.md
https://velog.io/@euisuk-chung/Python-Decorator-Intro,[íŒŒì´ì¬] ë°ì½”ë ˆì´í„°(Decorator) ì‚¬ìš©ë²•,success,2026-02-18 18:43:55.325963,5bd126b9178a5a196a069f1dc6535b72,_posts\2024\2024-12-25-[íŒŒì´ì¬] ë°ì½”ë ˆì´í„°(Decorator) ì‚¬ìš©ë²•.md
https://velog.io/@euisuk-chung/machine-unlearning,Unlearning : ë¨¸ì‹ ëŸ¬ë‹ ëª¨ë¸ë„ 'ìŠì„ ìˆ˜ ìˆë‹¤',success,2026-02-18 18:44:21.968157,33155f53525215d6300261ebe04b9f94,_posts\2024\2024-11-03-Unlearning _ ë¨¸ì‹ ëŸ¬ë‹ ëª¨ë¸ë„ _ìŠì„ ìˆ˜ ìˆë‹¤_.md
https://velog.io/@euisuk-chung/ê°•ì˜-LangChain-Academy-Introduction-to-LangGraph,[ê°•ì˜ë…¸íŠ¸] LangChain Academy : Introduction to LangGraph (Module 1),success,2026-02-18 18:44:45.890228,18f6f39abfa9051a17a313b6315a2131,_posts\2024\2024-10-10-[ê°•ì˜ë…¸íŠ¸] LangChain Academy _ Introduction to LangGraph (Module 1).md
https://velog.io/@euisuk-chung/ë²ˆì—­ì •ë¦¬-NLP-ê³µë¶€í•˜ëŠ”-ì‚¬ëŒì´ë¼ë©´-ê¼­-ì½ì–´ì•¼í•˜ëŠ”-ë…¼ë¬¸-ëŒ€ì‹ -ì •ë¦¬í•´ë“œë¦½ë‹ˆë‹¤,[Paper Review] NLP ê³µë¶€í•˜ëŠ” ì‚¬ëŒì´ë¼ë©´ ê¼­ ì½ì–´ì•¼í•˜ëŠ” ë…¼ë¬¸ ëŒ€ì‹  ì •ë¦¬í•´ë“œë¦½ë‹ˆë‹¤,success,2026-02-18 18:45:21.341924,b20e757241c6773c900de5b3f90101e4,_posts\2024\2024-10-09-[Paper Review] NLP ê³µë¶€í•˜ëŠ” ì‚¬ëŒì´ë¼ë©´ ê¼­ ì½ì–´ì•¼í•˜ëŠ” ë…¼ë¬¸ ëŒ€ì‹  ì •ë¦¬í•´ë“œë¦½ë‹ˆë‹¤.md
https://velog.io/@euisuk-chung/2025ë…„-AI-íŠ¸ë Œë“œ-LMM-LAM-ì˜¨ë””ë°”ì´ìŠ¤-AI-AI-ì—ì´ì „íŠ¸-ì„ë² ë””ë“œ-AI-ê·¸ë¦¬ê³ -FMOps,"[íŠ¸ë Œë“œ] 2025ë…„ íŠ¸ë Œë“œ : LMM, LAM, AGENT, ê·¸ë¦¬ê³  FMOps",success,2026-02-18 18:45:48.754125,1cac7d88215aa0fd263e2bde5b4f7f6b,"_posts\2024\2024-10-02-[íŠ¸ë Œë“œ] 2025ë…„ íŠ¸ë Œë“œ _ LMM, LAM, AGENT, ê·¸ë¦¬ê³  FMOps.md"
https://velog.io/@euisuk-chung/Paper-Review-A-COMPREHENSIVE-REVIEW-OF-YOLO-ARCHITECTURES-IN-COMPUTER-VISION-FROM-YOLOV1-TO-YOLOV8-ANDYOLO-NAS,"[Paper Review] A COMPREHENSIVE REVIEW OF YOLO ARCHITECTURES IN COMPUTER VISION: FROM YOLOV1 TO YOLOV8 AND
YOLO-NAS",success,2026-02-18 18:46:22.571445,940ea8245a58772807aa910d05060907,_posts\2024\2024-10-02-[Paper Review] A COMPREHENSIVE REVIEW OF YOLO ARCHITECTURES IN COMPUTER VISION_ FROM YOLOV1 TO YOLOV8 AND_YOLO-NAS.md
https://velog.io/@euisuk-chung/Paper-Review-Transformers-are-SSMs-Generalized-Models-and-Efficient-Algorithms-Through-Structured-State-Space-Duality,[Paper Review] Mamba2 - Transformers are SSMs: Generalized Models and Efficient Algorithms Through Structured State Space Duality,success,2026-02-18 18:46:45.675411,d01caa84f79c66adc21b6e231752d878,_posts\2024\2024-10-02-[Paper Review] Mamba2 - Transformers are SSMs_ Generalized Models and Efficient Algorithms Through Structured State Space Duality.md
https://velog.io/@euisuk-chung/Paper-Review-Mamba-Linear-Time-Sequence-Modeling-with-Selective-State-Spaces,[Paper Review] Mamba: Linear-Time Sequence Modeling with Selective State Spaces,success,2026-02-18 18:47:07.968335,aacdbd840d6a50a76f0576de101574bf,_posts\2024\2024-09-29-[Paper Review] Mamba_ Linear-Time Sequence Modeling with Selective State Spaces.md
https://velog.io/@euisuk-chung/Structured-State-Space-Models-for-Deep-Sequence-Modeling,[Paper Review] Structured State Space Models for Deep Sequence Modeling,success,2026-02-18 18:47:32.843101,06905b593054cecb9cf606d954c055aa,_posts\2024\2024-09-25-[Paper Review] Structured State Space Models for Deep Sequence Modeling.md
https://velog.io/@euisuk-chung/ê°œë…-ì¸ê³µì§€ëŠ¥ì„-ìœ„í•œ-ì„ í˜•ëŒ€ìˆ˜-í–‰ë ¬í¸,[ê°œë…] ì¸ê³µì§€ëŠ¥ì„ ìœ„í•œ ì„ í˜•ëŒ€ìˆ˜ : í–‰ë ¬í¸,success,2026-02-18 18:47:58.484939,289266d9b757d6a3563efc761312dcca,_posts\2024\2024-09-24-[ê°œë…] ì¸ê³µì§€ëŠ¥ì„ ìœ„í•œ ì„ í˜•ëŒ€ìˆ˜ _ í–‰ë ¬í¸.md
https://velog.io/@euisuk-chung/Paper-Review-Resurrecting-Recurrent-Neural-Networks-for-Long-Sequences,[Paper Review] Resurrecting Recurrent Neural Networks for Long Sequences,success,2026-02-18 18:48:17.701960,34d9f1f9ab2b263033bb06c83c5423eb,_posts\2024\2024-09-24-[Paper Review] Resurrecting Recurrent Neural Networks for Long Sequences.md
https://velog.io/@euisuk-chung/ê°œ-ìƒíƒœ-ê³µê°„-ëª¨ë¸State-Space-Model,"[ê°œë…] ì‹œìŠ¤í…œ, ë¯¸ë¶„ë°©ì •ì‹, ê·¸ë¦¬ê³  ìƒíƒœ ê³µê°„ ëª¨ë¸",success,2026-02-18 18:48:37.970727,51314c6155e310212abc116398b18d52,"_posts\2024\2024-09-20-[ê°œë…] ì‹œìŠ¤í…œ, ë¯¸ë¶„ë°©ì •ì‹, ê·¸ë¦¬ê³  ìƒíƒœ ê³µê°„ ëª¨ë¸.md"
https://velog.io/@euisuk-chung/IT-LLMOpsì™€-RAG,[IT] LLMOpsì™€ RAG,success,2026-02-18 18:48:52.661731,19d7ba0792149429e07c5e3b65480aa4,_posts\2024\2024-09-19-[IT] LLMOpsì™€ RAG.md
https://velog.io/@euisuk-chung/ì •ë¦¬-OpenAI-API-Document,[ì •ë¦¬] OpenAI API Document,success,2026-02-18 18:49:08.936751,3528d17aafcf2fe74b17059379c07310,_posts\2024\2024-09-19-[ì •ë¦¬] OpenAI API Document.md
https://velog.io/@euisuk-chung/The-5-Levels-Of-Text-Splitting-For-Retrieval-ê°•ì˜ìš”ì•½,[ê°•ì˜ë…¸íŠ¸] Text Splitting For Retrieval,success,2026-02-18 18:49:21.872027,dd106c614c85420adf44d96f600b9fca,_posts\2024\2024-09-16-[ê°•ì˜ë…¸íŠ¸] Text Splitting For Retrieval.md
https://velog.io/@euisuk-chung/RAGëŠ”-ì •ë§ë¡œ-ëë‚¬ì„ê¹Œ,[ê°•ì˜ë…¸íŠ¸] RAG From Scratch : RAG for long context LLMs,success,2026-02-18 18:49:39.740572,768a04bdcfcf96a228584eba78125ed6,_posts\2024\2024-09-14-[ê°•ì˜ë…¸íŠ¸] RAG From Scratch _ RAG for long context LLMs.md
https://velog.io/@euisuk-chung/RAG-From-Scratch-15-18,[ê°•ì˜ë…¸íŠ¸] RAG From Scratch : Query Retrieval ê¸°ë²•,success,2026-02-18 18:49:59.020032,9b2838ab685a982de26ec0bc85cb6a67,_posts\2024\2024-09-14-[ê°•ì˜ë…¸íŠ¸] RAG From Scratch _ Query Retrieval ê¸°ë²•.md
https://velog.io/@euisuk-chung/RAG-From-Scratch-12-14,[ê°•ì˜ë…¸íŠ¸] RAG From Scratch : Query Indexing ê¸°ë²•,success,2026-02-18 18:50:18.419788,7e6d1335d569ce7f98961874cadb9ad2,_posts\2024\2024-09-14-[ê°•ì˜ë…¸íŠ¸] RAG From Scratch _ Query Indexing ê¸°ë²•.md
https://velog.io/@euisuk-chung/RAG-From-Scratch-10-11,[ê°•ì˜ë…¸íŠ¸] RAG From Scratch : Query Routing & Structuring,success,2026-02-18 18:50:34.639892,a0a46a4d66ef2e0d757293e5fa675ad9,_posts\2024\2024-09-14-[ê°•ì˜ë…¸íŠ¸] RAG From Scratch _ Query Routing and Structuring.md
https://velog.io/@euisuk-chung/RAG-From-Scratch-5-9,[ê°•ì˜ë…¸íŠ¸] RAG From Scratch : Query Translation,success,2026-02-18 18:50:48.696953,6be4f43febbe562b1611c6c49b53b9bd,_posts\2024\2024-09-14-[ê°•ì˜ë…¸íŠ¸] RAG From Scratch _ Query Translation.md
https://velog.io/@euisuk-chung/RAG-From-Scratch-Overview,[ê°•ì˜ë…¸íŠ¸] RAG From Scratch : Overview,success,2026-02-18 18:51:04.275075,f734d8423073c0118e9bd5aedfffba70,_posts\2024\2024-09-14-[ê°•ì˜ë…¸íŠ¸] RAG From Scratch _ Overview.md
https://velog.io/@euisuk-chung/LLM-RAG-From-Scratch,[ê°•ì˜ë…¸íŠ¸] RAG From Scratch : Coursework,success,2026-02-18 18:51:21.882377,129a7a697d78693daedd154ed62ca7ee,_posts\2024\2024-09-14-[ê°•ì˜ë…¸íŠ¸] RAG From Scratch _ Coursework.md
https://velog.io/@euisuk-chung/OpenAI-GPT-4o-ë‹¤ìŒ-ë²„ì „-ë–´ë‚˜,[OpenAI] GPT-4o ë‹¤ìŒ ë²„ì „ ë–´ë‚˜!?,success,2026-02-18 18:51:39.024535,67a260e3668d3e967d316c87c4ab3476,_posts\2024\2024-09-13-[OpenAI] GPT-4o ë‹¤ìŒ ë²„ì „ ë–´ë‚˜!_.md
https://velog.io/@euisuk-chung/nvidia-smiì˜-ì‹œëŒ€ëŠ”-ê°”ë‹¤,[GPU] nvidia-smiì˜ ì‹œëŒ€ëŠ” ê°”ë‹¤?,success,2026-02-18 18:51:51.045816,6e898ae3ce658e2d71c073bd9b0da33a,_posts\2024\2024-09-13-[GPU] nvidia-smiì˜ ì‹œëŒ€ëŠ” ê°”ë‹¤_.md
https://velog.io/@euisuk-chung/íŒŒì´ì¬-ì •ê·œí‘œí˜„ì‹-í™œìš©-ë°©ë²•,[íŒŒì´ì¬] ì •ê·œí‘œí˜„ì‹ í™œìš©  ë°©ë²•,success,2026-02-18 18:52:05.318698,fe8f0803ac6463a6d32993a449711ac4,_posts\2024\2024-09-11-[íŒŒì´ì¬] ì •ê·œí‘œí˜„ì‹ í™œìš©  ë°©ë²•.md
https://velog.io/@euisuk-chung/Pandas-ì‹¤ë¬´ì—ì„œ-ì“°ë ¤ê³ -ì •ë¦¬í•´ë‘”-Code-Snippet,[Pandas] ì‹¤ë¬´ì—ì„œ ì“°ë ¤ê³  ì •ë¦¬í•´ë‘” Code Snippet,success,2026-02-18 18:52:19.336728,a3d93f05421fa7debd8d952c5cdf051e,_posts\2024\2024-09-06-[Pandas] ì‹¤ë¬´ì—ì„œ ì“°ë ¤ê³  ì •ë¦¬í•´ë‘” Code Snippet.md
https://velog.io/@euisuk-chung/ê°œë…-ë°ì´í„°-ê¸°ë°˜-ì˜ì‚¬ê²°ì •-ë°©ë²•,[ê°œë…] ë°ì´í„° ê¸°ë°˜ ì˜ì‚¬ê²°ì • ë°©ë²•,success,2026-02-18 18:52:36.845646,7e6995fd2b12aa71e689c4bdc12474a4,_posts\2024\2024-08-28-[ê°œë…] ë°ì´í„° ê¸°ë°˜ ì˜ì‚¬ê²°ì • ë°©ë²•.md
https://velog.io/@euisuk-chung/ë¦¬ë·°-ì¸ê³µ-ë°ì´í„°ë¡œ-ëª¨ë¸ì„-í•™ìŠµí•˜ë©´-ëª¨ë¸-ë¶•ê´´ê°€-ì¼ì–´ë‚œë‹¤ê³ ,[Paper Review] í•©ì„± ë°ì´í„° = ëª¨ë¸ ë¶•ê´´?,success,2026-02-18 18:53:13.565607,29515dceddfe127dc2269de41eda36cd,_posts\2024\2024-08-26-[Paper Review] í•©ì„± ë°ì´í„° = ëª¨ë¸ ë¶•ê´´_.md
https://velog.io/@euisuk-chung/ê¿€íŒ-í”„ë¡¬í”„íŠ¸-ì—”ì§€ë‹ˆì–´ë§-ê°•ì˜-ìš”ì•½,[ê¿€íŒ] í”„ë¡¬í”„íŠ¸ ì—”ì§€ë‹ˆì–´ë§ (ê°•ì˜ ìš”ì•½),success,2026-02-18 18:53:29.945830,cfd136468a334413d034a77f26b04910,_posts\2024\2024-08-24-[ê¿€íŒ] í”„ë¡¬í”„íŠ¸ ì—”ì§€ë‹ˆì–´ë§ (ê°•ì˜ ìš”ì•½).md
https://velog.io/@euisuk-chung/CV-Notes-Lecture-18-Videos,[CV Notes] Lecture 18 - Videos,success,2026-02-18 18:53:44.751398,7da57daa4561d3e75b0e07d335c3930a,_posts\2024\2024-08-16-[CV Notes] Lecture 18 - Videos.md
https://velog.io/@euisuk-chung/ë¹„ì§€ë„-Deep-Unsupervised-Learning-Intro,[CS294] Deep Unsupervised Learning: Introduction,success,2026-02-18 18:54:01.680115,6a3195ec2f416dd2cd2be953ab31df39,_posts\2024\2024-08-14-[CS294] Deep Unsupervised Learning_ Introduction.md
https://velog.io/@euisuk-chung/Notes-Computer-Vision-Lecture-17,[CV Notes] Lecture 17 - 3D Vision,success,2026-02-18 18:54:14.407061,cf8a67f751cd14a404581320bb1ceb75,_posts\2024\2024-08-14-[CV Notes] Lecture 17 - 3D Vision.md
https://velog.io/@euisuk-chung/NLP-4.-Natural-Language-Embeddings,[NLP] 4. Natural Language Embeddings,success,2026-02-18 18:54:27.633413,3c306f4d1e8ce5fce5bd8b54c0ffafdf,_posts\2024\2024-07-29-[NLP] 4. Natural Language Embeddings.md
https://velog.io/@euisuk-chung/NLP-3.-ìì—°ì–´-ì „ì²˜ë¦¬-ê¸°,[NLP] 3. Natural Language Preprocessing,success,2026-02-18 18:54:43.782424,26bc0bbfdad22addd8607e794eeed8f9,_posts\2024\2024-07-29-[NLP] 3. Natural Language Preprocessing.md
https://velog.io/@euisuk-chung/í…ìŠ¤íŠ¸-ë¶„ì„-ë‹¨ê³„,[NLP] 2. Steps of Text Analytics,success,2026-02-18 18:54:59.356361,2eb4642db6489e8df38d3b767a0e5d26,_posts\2024\2024-07-28-[NLP] 2. Steps of Text Analytics.md
https://velog.io/@euisuk-chung/NLP-Text-Analytics-Intro,[NLP] 1. Introduction to Text Analytics,success,2026-02-18 18:55:11.885269,b3e7a8bbb5d57700746dadd44f37cd95,_posts\2024\2024-07-28-[NLP] 1. Introduction to Text Analytics.md
https://velog.io/@euisuk-chung/ê¸°ì—…-NVIDIA-í˜ì‹ ê³¼-ë¹„ì „ì˜-ì´ì•¼ê¸°,[ê¸°ì—…] NVIDIAì™€ GPU ì´ì•¼ê¸°,success,2026-02-18 18:55:24.468835,bab429ddfb0ecc5e088781b8045c4132,_posts\2024\2024-07-25-[ê¸°ì—…] NVIDIAì™€ GPU ì´ì•¼ê¸°.md
https://velog.io/@euisuk-chung/Graph-Neural-Networks-Algorithms,[Graph] 4ì¥. Graph Neural Networks: Algorithms,success,2026-02-18 18:55:38.566483,fe7be8be644f06b7f15efe6712c11bda,_posts\2024\2024-07-18-[Graph] 4ì¥. Graph Neural Networks_ Algorithms.md
https://velog.io/@euisuk-chung/Graph-Node-Embedding-Methods,[Graph] 3ì¥. Graph Node Embedding Methods,success,2026-02-18 18:55:52.452501,466e01ddfb994feefcce8dd7612724fb,_posts\2024\2024-07-18-[Graph] 3ì¥. Graph Node Embedding Methods.md
https://velog.io/@euisuk-chung/2ì¥.-Graph-Neural-Networks,[Graph] 2ì¥. Graph Neural Networks,success,2026-02-18 18:56:05.592054,34d55fbe09bd76514cad731338147e21,_posts\2024\2024-07-17-[Graph] 2ì¥. Graph Neural Networks.md
https://velog.io/@euisuk-chung/1ì¥.-ê·¸ë˜í”„ì™€-GNN,[Graph] 1ì¥. ê·¸ë˜í”„ì™€ GNN,success,2026-02-18 18:56:22.958396,35ce45d21c570baa8f845ef295155e53,_posts\2024\2024-07-17-[Graph] 1ì¥. ê·¸ë˜í”„ì™€ GNN.md
https://velog.io/@euisuk-chung/ê°œë…ì •ë¦¬-ì‹œê³„ì—´-ë¶„ì„-ì¸ê³¼ê´€ê³„-ë¶„ì„,[ê°œë…ì •ë¦¬] ì‹œê³„ì—´ ì¸ê³¼ê´€ê³„ ë¶„ì„: Granger Causality,success,2026-02-18 18:56:49.854484,cf31d1c26a06fcea9e7afca3db7c0742,_posts\2024\2024-07-06-[ê°œë…ì •ë¦¬] ì‹œê³„ì—´ ì¸ê³¼ê´€ê³„ ë¶„ì„_ Granger Causality.md
https://velog.io/@euisuk-chung/ìš©ì–´ì •ë¦¬-ë¹ˆë„ì£¼ì˜Frequentist-VS-ë² ì´ì§€ì•ˆBaysian,[ê°œë…ì •ë¦¬] ë¹ˆë„ì£¼ì˜(Frequentist) vs ë² ì´ì§€ì•ˆ(Bayesian),success,2026-02-18 18:57:15.627771,87542c2fc800191bd385934d65b5ee3f,_posts\2024\2024-07-04-[ê°œë…ì •ë¦¬] ë¹ˆë„ì£¼ì˜(Frequentist) vs ë² ì´ì§€ì•ˆ(Bayesian).md
https://velog.io/@euisuk-chung/ê°œë…ì •ë¦¬-Deep-Learning-Normalization,[ê°œë…] Deep Learning Normalization Techniques,success,2026-02-18 18:57:28.540216,cf5fa23d4cba8b877dfebcbf6354264a,_posts\2024\2024-07-02-[ê°œë…] Deep Learning Normalization Techniques.md
https://velog.io/@euisuk-chung/íŠ¸ë¦¬-íŠ¸ë¦¬-ê¸°ë°˜-ML-ì•Œê³ ë¦¬ì¦˜,[íŠ¸ë¦¬] íŠ¸ë¦¬ ê¸°ë°˜ ML ì•Œê³ ë¦¬ì¦˜,success,2026-02-18 18:57:45.505457,e0c1b865d6a28e90962e033fd5aaaa76,_posts\2024\2024-06-24-[íŠ¸ë¦¬] íŠ¸ë¦¬ ê¸°ë°˜ ML ì•Œê³ ë¦¬ì¦˜.md
https://velog.io/@euisuk-chung/íŒŒì´ì¬-ìš°ë¶„íˆ¬ì—ì„œ-í•œê¸€-í°íŠ¸-ì„¤ì¹˜í•˜ê³ -matplotlibì—-ì‚¬ìš©í•˜ê¸°,[íŒŒì´ì¬] ìš°ë¶„íˆ¬ì—ì„œ í•œê¸€ í°íŠ¸ ì„¤ì¹˜í•˜ê³  matplotlibì— ì‚¬ìš©í•˜ê¸°,success,2026-02-18 18:58:00.194211,3ce17bca4b74f7d4331e30ad4470a52d,_posts\2024\2024-06-09-[íŒŒì´ì¬] ìš°ë¶„íˆ¬ì—ì„œ í•œê¸€ í°íŠ¸ ì„¤ì¹˜í•˜ê³  matplotlibì— ì‚¬ìš©í•˜ê¸°.md
https://velog.io/@euisuk-chung/ê¿€íŒ-vs-code-keymapping-ì˜¤ë¥˜í•´ê²°í•˜ê¸°-shiftenter-ctrlenter-ë“±,"[íŒŒì´ì¬] VS-Code keymap ì˜¤ë¥˜ í•´ê²°í•˜ê¸° (shift+enter, ctrl+a ë“±)",success,2026-02-18 18:58:12.559478,6eb5d7dbd8336ceaf8e1a8efeedee750,"_posts\2024\2024-06-09-[íŒŒì´ì¬] VS-Code keymap ì˜¤ë¥˜ í•´ê²°í•˜ê¸° (shift+enter, ctrl+a ë“±).md"
https://velog.io/@euisuk-chung/ì‹ í˜¸ì²˜ë¦¬-ë°-í‘¸ë¦¬ì—-ë³€í™˜,[ê°œë…] ì‹ í˜¸ì²˜ë¦¬ ë° í‘¸ë¦¬ì— ë³€í™˜,success,2026-02-18 18:58:26.309284,9d78df4584210c9d2eafeac3f2604b02,_posts\2024\2024-05-31-[ê°œë…] ì‹ í˜¸ì²˜ë¦¬ ë° í‘¸ë¦¬ì— ë³€í™˜.md
https://velog.io/@euisuk-chung/ê¿€íŒ-Pythonìœ¼ë¡œ-ë‹¤ì–‘í•œ-ë°ì´í„°-ë‹¤ë£¨ê¸°,[ê¿€íŒ] Pythonìœ¼ë¡œ ë‹¤ì–‘í•œ ë°ì´í„° ë‹¤ë£¨ê¸°,success,2026-02-18 18:59:32.663479,360afd2d38aa0b4727f0943f21c3251e,_posts\2024\2024-05-24-[ê¿€íŒ] Pythonìœ¼ë¡œ ë‹¤ì–‘í•œ ë°ì´í„° ë‹¤ë£¨ê¸°.md
https://velog.io/@euisuk-chung/ê²°ì •-ê²½ê³„-ê¸°ë°˜-ì´ìƒíƒì§€-ì•Œê³ ë¦¬ì¦˜,[ì´íƒ] ê²°ì • ê²½ê³„ ê¸°ë°˜ ì´ìƒíƒì§€ ì•Œê³ ë¦¬ì¦˜,success,2026-02-18 18:59:45.628729,b85aa1b09ae66f069a65edde695fc187,_posts\2024\2024-05-14-[ì´íƒ] ê²°ì • ê²½ê³„ ê¸°ë°˜ ì´ìƒíƒì§€ ì•Œê³ ë¦¬ì¦˜.md
https://velog.io/@euisuk-chung/ì•™ìƒë¸”-ê¸°ë°˜-ì´ìƒíƒì§€-ì•Œê³ ë¦¬ì¦˜-zdwnxkcu,[ì´íƒ] ì•™ìƒë¸” ê¸°ë°˜ ì´ìƒíƒì§€ ì•Œê³ ë¦¬ì¦˜,success,2026-02-18 19:00:02.482523,48aeb8dc0f713f56b14c4e9a8679a3ac,_posts\2024\2024-05-14-[ì´íƒ] ì•™ìƒë¸” ê¸°ë°˜ ì´ìƒíƒì§€ ì•Œê³ ë¦¬ì¦˜.md
https://velog.io/@euisuk-chung/êµ°ì§‘í™”-ê¸°ë°˜-ì´ìƒíƒì§€-ì•Œê³ ë¦¬ì¦˜-sbjqco5v,[ì´íƒ] ê±°ë¦¬ ê¸°ë°˜ ì´ìƒíƒì§€ ì•Œê³ ë¦¬ì¦˜,success,2026-02-18 19:00:16.666032,5f62d7ebdc0afdd2787cb42eafcecc93,_posts\2024\2024-05-14-[ì´íƒ] ê±°ë¦¬ ê¸°ë°˜ ì´ìƒíƒì§€ ì•Œê³ ë¦¬ì¦˜.md
https://velog.io/@euisuk-chung/í†µê³„-ê¸°ë°˜-ì´ìƒíƒì§€-ì•Œê³ ë¦¬ì¦˜-8rjzifg0,[ì´íƒ] í†µê³„ ê¸°ë°˜ ì´ìƒíƒì§€ ì•Œê³ ë¦¬ì¦˜,success,2026-02-18 19:00:29.217529,79e3de0675e52f14e2a4e5e6267fe1e1,_posts\2024\2024-05-14-[ì´íƒ] í†µê³„ ê¸°ë°˜ ì´ìƒíƒì§€ ì•Œê³ ë¦¬ì¦˜.md
https://velog.io/@euisuk-chung/ë°€ë„-ê¸°ë°˜-ì´ìƒíƒì§€-ì•Œê³ ë¦¬ì¦˜,[ì´íƒ] ë°€ë„ ê¸°ë°˜ ì´ìƒíƒì§€ ì•Œê³ ë¦¬ì¦˜,success,2026-02-18 19:00:44.360358,8c83be9e274bc169682780e8a1daa399,_posts\2024\2024-05-14-[ì´íƒ] ë°€ë„ ê¸°ë°˜ ì´ìƒíƒì§€ ì•Œê³ ë¦¬ì¦˜.md
https://velog.io/@euisuk-chung/ë‚´ê°€-ë³´ë ¤ê³ -ì •ë¦¬í•œ-ML-ì´ìƒíƒì§€,[ì´íƒ] ë‚´ê°€ ë³´ë ¤ê³  ì •ë¦¬í•œ ML ì´ìƒíƒì§€,success,2026-02-18 19:00:57.732787,97eb167b4cff9552458fb9a85e48ff8a,_posts\2024\2024-05-14-[ì´íƒ] ë‚´ê°€ ë³´ë ¤ê³  ì •ë¦¬í•œ ML ì´ìƒíƒì§€.md
https://velog.io/@euisuk-chung/ê¿€íŒ-Mathpix-AI-OCR-Tool,[ê¿€íŒ] ì„¤ë§ˆ ìˆ˜ì‹/í…Œì´ë¸” ì§ì ‘ ì½”ë“œë¡œ ì‘ì„±í•˜ì‹œë‚˜ìš”?!,success,2026-02-18 19:01:13.870087,fa73a1b3158f45b723840b98d3626c9f,_posts\2024\2024-04-29-[ê¿€íŒ] ì„¤ë§ˆ ìˆ˜ì‹_í…Œì´ë¸” ì§ì ‘ ì½”ë“œë¡œ ì‘ì„±í•˜ì‹œë‚˜ìš”_!.md
https://velog.io/@euisuk-chung/pipenv-ë„ˆë„-ê°™ì´-ì˜¤ê³ -pyenv-pipenv,[ì„¤ì¹˜] pipenvë¡œ pyenv ë½• ë½‘ê¸°,success,2026-02-18 19:01:28.457805,0c73fabfcca1db9d51136697f88e125f,_posts\2024\2024-04-27-[ì„¤ì¹˜] pipenvë¡œ pyenv ë½• ë½‘ê¸°.md
https://velog.io/@euisuk-chung/Goodbye-Conda-Hello-PyENV,[ì„¤ì¹˜] pyenv ì–´ì„œ ì˜¤ê³ ,success,2026-02-18 19:01:45.949600,ab5b0fde822fb4fdd400dd948c905337,_posts\2024\2024-04-26-[ì„¤ì¹˜] pyenv ì–´ì„œ ì˜¤ê³ .md
https://velog.io/@euisuk-chung/í™˜ê²½êµ¬ì¶•-CUDA-CuDNNì•„-ë‚˜-ì¢€-ê·¸ë§Œ-ê´´ë¡­í˜€ë¼-ã… ,"[Linux] ë”¥ëŸ¬ë‹ í™˜ê²½ êµ¬ì¶• : CUDA, CuDNN",success,2026-02-18 19:02:07.011069,7a5e4dd403f8a0c46d7cece4020b7f20,"_posts\2024\2024-04-24-[Linux] ë”¥ëŸ¬ë‹ í™˜ê²½ êµ¬ì¶• _ CUDA, CuDNN.md"
https://velog.io/@euisuk-chung/ì§ì¥ì¸-í•„ìˆ˜-íŒŒì›Œí¬ì¸íŠ¸-ë‹¨ì¶•í‚¤-ëª¨ìŒ-TOP-10,[ê¿€íŒ] ì§ì¥ì¸ í•„ìˆ˜! íŒŒì›Œí¬ì¸íŠ¸ ë‹¨ì¶•í‚¤ ëª¨ìŒ TOP 10,success,2026-02-18 19:02:24.315311,11a48ea2092cc413a8513b04c05ed191,_posts\2024\2024-04-12-[ê¿€íŒ] ì§ì¥ì¸ í•„ìˆ˜! íŒŒì›Œí¬ì¸íŠ¸ ë‹¨ì¶•í‚¤ ëª¨ìŒ TOP 10.md
https://velog.io/@euisuk-chung/ë¦¬ëˆ…ìŠ¤-ë¦¬ëˆ…ìŠ¤-êµ¬ì„±-ìš”ì†Œ,ë¦¬ëˆ…ìŠ¤ : ë¦¬ëˆ…ìŠ¤ êµ¬ì„± ìš”ì†Œ,success,2026-02-18 19:02:43.942881,db483d9cd1955bb693b33f3f698a8300,_posts\2024\2024-03-22-ë¦¬ëˆ…ìŠ¤ _ ë¦¬ëˆ…ìŠ¤ êµ¬ì„± ìš”ì†Œ.md
https://velog.io/@euisuk-chung/ë„¤íŠ¸ì›Œí¬-ê³„ì¸µ-OSI-7ê³„ì¸µ-vs-TCP-5ê³„ì¸µ,ë„¤íŠ¸ì›Œí¬ ê³„ì¸µ : OSI 7ê³„ì¸µ vs TCP/IP 5ê³„ì¸µ,success,2026-02-18 19:02:57.923197,f539bb892142a579e54a089d418a97b8,_posts\2024\2024-03-22-ë„¤íŠ¸ì›Œí¬ ê³„ì¸µ _ OSI 7ê³„ì¸µ vs TCP_IP 5ê³„ì¸µ.md
https://velog.io/@euisuk-chung/ë„¤íŠ¸ì›Œí¬-ê¸°ì´ˆ-ë„¤íŠ¸ì›Œí¬-ê·¸ë¦¬ê³ -ì„œë²„ë€,ë„¤íŠ¸ì›Œí¬ ê¸°ì´ˆ : ë„¤íŠ¸ì›Œí¬ ê·¸ë¦¬ê³  ì„œë²„ë€?,success,2026-02-18 19:03:13.758061,0fe497959cbf286e9df67634060fa822,_posts\2024\2024-03-21-ë„¤íŠ¸ì›Œí¬ ê¸°ì´ˆ _ ë„¤íŠ¸ì›Œí¬ ê·¸ë¦¬ê³  ì„œë²„ë€_.md
https://velog.io/@euisuk-chung/ì‚¬ì´íŠ¸-ë¬´ë£Œ-í”½í† ê·¸ë¨-ì‚¬ì´íŠ¸-TOP2,[ì‚¬ì´íŠ¸] ì§ì¥ì¸ì„ ìœ„í•œ ë¬´ë£Œ í”½í† ê·¸ë¨ ì‚¬ì´íŠ¸ TOP 2,success,2026-02-18 19:03:26.432111,0ffa3ac6c0c7579b9b760c55d3d517b4,_posts\2024\2024-03-17-[ì‚¬ì´íŠ¸] ì§ì¥ì¸ì„ ìœ„í•œ ë¬´ë£Œ í”½í† ê·¸ë¨ ì‚¬ì´íŠ¸ TOP 2.md
https://velog.io/@euisuk-chung/ìƒì„±-AIì˜-í•™ìŠµ-ë°©ì‹-ì œë¡œìƒ·ì›ìƒ·í“¨ìƒ·-ëŸ¬ë‹,[ê°œë…] ìƒì„± AIì˜ í•™ìŠµ ë°©ì‹: ì œë¡œìƒ·Â·ì›ìƒ·Â·í“¨ìƒ· ëŸ¬ë‹,success,2026-02-18 19:03:57.137115,6b91988dc1451052ba9ca45779f6c7b7,_posts\2024\2024-03-11-[ê°œë…] ìƒì„± AIì˜ í•™ìŠµ ë°©ì‹_ ì œë¡œìƒ·_ì›ìƒ·_í“¨ìƒ· ëŸ¬ë‹.md
https://velog.io/@euisuk-chung/Conda-í™œìš©-ê°€ì´ë“œ-íš¨ìœ¨ì ì¸-í™˜ê²½-ê´€ë¦¬ì™€-Jupyter-Kernel-ì„¤ì •,[Conda] í™œìš© ê°€ì´ë“œ: íš¨ìœ¨ì ì¸ í™˜ê²½ ê´€ë¦¬ì™€ Jupyter Kernel ì„¤ì •,success,2026-02-18 19:04:09.890149,0406296d3d20704167f72da9666a7f84,_posts\2024\2024-03-06-[Conda] í™œìš© ê°€ì´ë“œ_ íš¨ìœ¨ì ì¸ í™˜ê²½ ê´€ë¦¬ì™€ Jupyter Kernel ì„¤ì •.md
https://velog.io/@euisuk-chung/Conda-Miniconda-ê·¸ë¦¬ê³ -Miniforgeë¥¼-ì´ìš©í•œ-ë¶„ì„-í™˜ê²½-ì„¤ì •í•˜ê¸°-OS-Ubuntu,[Conda] Miniforgeë¥¼ ì´ìš©í•œ ë¶„ì„ í™˜ê²½ ì„¤ì •í•˜ê¸° (OS: Ubuntu),success,2026-02-18 19:04:26.448603,2a2ff585abc7b5c2141e14ae74b50e18,_posts\2024\2024-03-06-[Conda] Miniforgeë¥¼ ì´ìš©í•œ ë¶„ì„ í™˜ê²½ ì„¤ì •í•˜ê¸° (OS_ Ubuntu).md
https://velog.io/@euisuk-chung/ê¹ƒ-ë¨¸ì§•ê³¼-íŒ¨ìŠ¤íŠ¸í¬ì›Œë”©-ì´í•´ì™€-í™œìš©,[Git] Gitì„ ì–´ë–»ê²Œ í•©ì¹˜ì§€? : Git Merging,success,2026-02-18 19:04:40.161510,803b5bdda25b75375d23a2c06f7f5ae2,_posts\2024\2024-02-28-[Git] Gitì„ ì–´ë–»ê²Œ í•©ì¹˜ì§€_ _ Git Merging.md
https://velog.io/@euisuk-chung/í˜„ëŒ€-ê¸°ìˆ -ìƒíƒœê³„ë¥¼-ë§Œë“œëŠ”-ê°œë°œìë“¤ì˜-ì—­í• ,[IT] ê°œë°œìë“¤ì˜ ì¢…ë¥˜ ë° ì—­í• ,success,2026-02-18 19:04:54.278175,4a29ce1e9bd575a9955cbce4ad0c5f1a,_posts\2024\2024-02-28-[IT] ê°œë°œìë“¤ì˜ ì¢…ë¥˜ ë° ì—­í• .md
https://velog.io/@euisuk-chung/Gen-AI-ì‹œëŒ€ë¥¼-ëŒ€ë¹„í•˜ëŠ”-ì „ëµ-ì—”í„°í”„ë¼ì´ì¦ˆ-AI-í”Œë«í¼-ë„ì…-ê°€ì´ë“œGen-AI-ì‹œëŒ€ë¥¼-ëŒ€ë¹„í•˜ëŠ”-ì „ëµ-ì—”í„°í”„ë¼ì´ì¦ˆ-AI-í”Œë«í¼-ë„ì…-ê°€ì´ë“œ,"[ì»¨í¼][CIO] Gen AI ì‹œëŒ€ë¥¼ ëŒ€ë¹„í•˜ëŠ” ì „ëµ, â€˜ì—”í„°í”„ë¼ì´ì¦ˆ AI í”Œë«í¼â€™ ë„ì… ê°€ì´ë“œ",success,2026-02-18 19:05:07.478251,4e21cfbff0f484d06f1dfda888f14172,"_posts\2024\2024-02-27-[ì»¨í¼][CIO] Gen AI ì‹œëŒ€ë¥¼ ëŒ€ë¹„í•˜ëŠ” ì „ëµ, â€˜ì—”í„°í”„ë¼ì´ì¦ˆ AI í”Œë«í¼â€™ ë„ì… ê°€ì´ë“œ.md"
https://velog.io/@euisuk-chung/ì»¨í¼CIO-ìŠ¤ìŠ¤ë¡œ-íƒêµ¬í•˜ëŠ”-AGIì™€-GPU-ì¸í”„ë¼-ì´ì•¼ê¸°,[ì»¨í¼][CIO] ìŠ¤ìŠ¤ë¡œ íƒêµ¬í•˜ëŠ” AGIì™€ GPU ì¸í”„ë¼ ì´ì•¼ê¸°,success,2026-02-18 19:05:23.501337,29b7fbee5850dd7c7a81f8a71587df8a,_posts\2024\2024-02-27-[ì»¨í¼][CIO] ìŠ¤ìŠ¤ë¡œ íƒêµ¬í•˜ëŠ” AGIì™€ GPU ì¸í”„ë¼ ì´ì•¼ê¸°.md
https://velog.io/@euisuk-chung/ì»¨í¼CIO-ìƒì„±í˜•-AIì™€-Low-Codeë¥¼-í™œìš©í•œ-ë°ì´í„°-ë¶„ì„-ì—…ë¬´-ìƒì‚°ì„±-ê·¹ëŒ€í™”-ì „ëµ,[ì»¨í¼][CIO] ìƒì„±í˜• AIì™€ Low Codeë¥¼ í™œìš©í•œ ë°ì´í„° ë¶„ì„ ì—…ë¬´ ìƒì‚°ì„± ê·¹ëŒ€í™” ì „ëµ,success,2026-02-18 19:05:41.090953,b60133b60fc116e4444d128fe2e453ab,_posts\2024\2024-02-26-[ì»¨í¼][CIO] ìƒì„±í˜• AIì™€ Low Codeë¥¼ í™œìš©í•œ ë°ì´í„° ë¶„ì„ ì—…ë¬´ ìƒì‚°ì„± ê·¹ëŒ€í™” ì „ëµ.md
https://velog.io/@euisuk-chung/GenAI-First,"[ì»¨í¼][CIO] GenAI, First!",success,2026-02-18 19:06:01.145150,821e92fe9b48c14df8b87a85c8095597,"_posts\2024\2024-02-25-[ì»¨í¼][CIO] GenAI, First!.md"
https://velog.io/@euisuk-chung/ì»¨í¼CIO-Workday-AIML-ì†”ë£¨ì…˜ê³¼-Generative-AIì˜-ë¯¸ë˜,[ì»¨í¼][CIO] Workday AI/ML ì†”ë£¨ì…˜ê³¼ Generative AIì˜ ë¯¸ë˜,success,2026-02-18 19:06:19.046966,f697e04694ebb359fea6565400d42278,_posts\2024\2024-02-25-[ì»¨í¼][CIO] Workday AI_ML ì†”ë£¨ì…˜ê³¼ Generative AIì˜ ë¯¸ë˜.md
https://velog.io/@euisuk-chung/ì»¨í¼CIO-24ë…„-ë¹„ì¦ˆë‹ˆìŠ¤-í˜ì‹ ì„-ê°€ì†í™”í•˜ëŠ”-ìƒì„±í˜•-AI,[ì»¨í¼][CIO] '24ë…„ ë¹„ì¦ˆë‹ˆìŠ¤ í˜ì‹ ì„ ê°€ì†í™”í•˜ëŠ” ìƒì„±í˜• AI,success,2026-02-18 19:06:30.858497,f0f753623a4ab4d2ad69458a7bee61f4,_posts\2024\2024-02-24-[ì»¨í¼][CIO] _24ë…„ ë¹„ì¦ˆë‹ˆìŠ¤ í˜ì‹ ì„ ê°€ì†í™”í•˜ëŠ” ìƒì„±í˜• AI.md
https://velog.io/@euisuk-chung/ì»¨í¼CIO-CIO-SUMMIT-2024,[ì»¨í¼][CIO] '24ë…„ CIO SUMMIT í›„ê¸°,success,2026-02-18 19:06:45.016536,d4a9478c1226eece822fb35b6afcdb24,_posts\2024\2024-02-24-[ì»¨í¼][CIO] _24ë…„ CIO SUMMIT í›„ê¸°.md
https://velog.io/@euisuk-chung/íŒŒì´ì¬-Multiprocessing-Pool,[íŒŒì´ì¬] multiprocessingì˜ Pool í´ë˜ìŠ¤,success,2026-02-18 19:06:56.583170,63be98376dd23f1a7b6bb71e80e1aa04,_posts\2024\2024-02-19-[íŒŒì´ì¬] multiprocessingì˜ Pool í´ë˜ìŠ¤.md
https://velog.io/@euisuk-chung/íŒŒì´ì¬-Multiprocessing-Multithreading-ìì›-ë¶„í• -ë°-í• ë‹¹,"[íŒŒì´ì¬] Multiprocessing, Multithreading ìì› ë¶„í•  ë° í• ë‹¹",success,2026-02-18 19:07:10.272012,707b8ae4b019be759f8482c0d5ac184e,"_posts\2024\2024-02-19-[íŒŒì´ì¬] Multiprocessing, Multithreading ìì› ë¶„í•  ë° í• ë‹¹.md"
https://velog.io/@euisuk-chung/íŒŒì´ì¬-Multiprocessing-Multithreading-ì‚¬ìš©-ì‹œ-ê³ ë ¤-ì‚¬í•­-ì˜ˆì‹œ-ì½”ë“œ-í¬í•¨,"[íŒŒì´ì¬] Multiprocessing, Multithreading ì‚¬ìš© ì‹œ ê³ ë ¤ ì‚¬í•­",success,2026-02-18 19:07:23.841013,136c7906139e0669f48efc16a9c88220,"_posts\2024\2024-02-19-[íŒŒì´ì¬] Multiprocessing, Multithreading ì‚¬ìš© ì‹œ ê³ ë ¤ ì‚¬í•­.md"
https://velog.io/@euisuk-chung/íŒŒì´ì¬-Process-vs-Thread,[íŒŒì´ì¬] ì‰½ê²Œ ì„¤ëª…í•œ Process vs Thread,success,2026-02-18 19:07:40.537379,6b7626fda46066ac3a30316682292fbe,_posts\2024\2024-02-19-[íŒŒì´ì¬] ì‰½ê²Œ ì„¤ëª…í•œ Process vs Thread.md
https://velog.io/@euisuk-chung/Linux-íŒŒì¼-ê¶Œí•œê³¼-ì“°ê¸°-ì‘ì—…,[Linux] íŒŒì¼ ê¶Œí•œê³¼ ì“°ê¸° ì‘ì—…,success,2026-02-18 19:07:53.910177,b809a31a68baffc8713be16c5e663492,_posts\2024\2024-01-25-[Linux] íŒŒì¼ ê¶Œí•œê³¼ ì“°ê¸° ì‘ì—….md
https://velog.io/@euisuk-chung/ë¦¬ëˆ…ìŠ¤-ì‚¬ìš©ì-ê³„ì •-ê´€ë ¨-ì†ŒìŠ¤,[Linux] ì‚¬ìš©ì ê³„ì • ë° ê·¸ë£¹ ê´€ë¦¬ ê°€ì´ë“œ,success,2026-02-18 19:08:06.598015,6faae21031cebd8411a1438806d66ba6,_posts\2024\2024-01-23-[Linux] ì‚¬ìš©ì ê³„ì • ë° ê·¸ë£¹ ê´€ë¦¬ ê°€ì´ë“œ.md
https://velog.io/@euisuk-chung/MLOps-vs-AIOps,[ê°œë…] MLOps vs AIOps,success,2026-02-18 19:08:22.578091,ff1c7b4ef57abeb5240f3cbee4856427,_posts\2024\2024-01-22-[ê°œë…] MLOps vs AIOps.md
https://velog.io/@euisuk-chung/uqqb19in,[Linux] ì—´ë ¤ ìˆëŠ” íŒŒì¼ ë° ë¦¬ì†ŒìŠ¤ ê´€ë¦¬ì˜ í•„ìˆ˜ ë„êµ¬(lsof),success,2026-02-18 19:08:38.984049,e48fdbf58bfd8fbef1645dce77b8df04,_posts\2024\2024-01-17-[Linux] ì—´ë ¤ ìˆëŠ” íŒŒì¼ ë° ë¦¬ì†ŒìŠ¤ ê´€ë¦¬ì˜ í•„ìˆ˜ ë„êµ¬(lsof).md
https://velog.io/@euisuk-chung/ì»¨í¼OpenAI-2023-Techniques-for-Maximizing-LLM-Performance-ìš”ì•½,[ì»¨í¼][OpenAI] 2023 Techniques for Maximizing LLM Performance ìš”ì•½,success,2026-02-18 19:08:59.924681,4bf831eb490b766096db9e6234384f51,_posts\2023\2023-11-29-[ì»¨í¼][OpenAI] 2023 Techniques for Maximizing LLM Performance ìš”ì•½.md
https://velog.io/@euisuk-chung/ì»¨í¼OpenAI-2023-DevDay-New-Products-A-Deep-Dive-ìš”ì•½,[ì»¨í¼][OpenAI] 2023 DevDay New Products: A Deep Dive ìš”ì•½,success,2026-02-18 19:09:19.390129,febbd553415b885cbbc5d9be530c9a6b,_posts\2023\2023-11-29-[ì»¨í¼][OpenAI] 2023 DevDay New Products_ A Deep Dive ìš”ì•½.md
https://velog.io/@euisuk-chung/ì»¨í¼-OpenAI-DevDay-ì»¨í¼ëŸ°ìŠ¤-ìš”ì•½,[ì»¨í¼][OpenAI] 2023 DevDay Opening KeyNote ìš”ì•½,success,2026-02-18 19:09:35.532787,d1c28b8c3ffdcaae12be4fb219ee3873,_posts\2023\2023-11-29-[ì»¨í¼][OpenAI] 2023 DevDay Opening KeyNote ìš”ì•½.md
https://velog.io/@euisuk-chung/TS-ì‹œê³„ì—´-ì´ìƒíƒì§€-ì‹œê°í™”,[TS] ì‹œê³„ì—´ ì´ìƒíƒì§€ ì‹œê°í™”,success,2026-02-18 19:09:53.212035,9e9c9a71ef242fa53a1601359f276408,_posts\2023\2023-11-13-[TS] ì‹œê³„ì—´ ì´ìƒíƒì§€ ì‹œê°í™”.md
https://velog.io/@euisuk-chung/TS-ì£¼ì›”ë³„-ì´ˆê¸°-ë‚ ì§œ-ë³€í™˜-í•¨ìˆ˜,[TS] ì£¼/ì›”ë³„ ì´ˆê¸° ë‚ ì§œ ë³€í™˜ í•¨ìˆ˜,success,2026-02-18 19:10:08.739160,d3106420ca647a6ea61a383fb6cee476,_posts\2023\2023-11-07-[TS] ì£¼_ì›”ë³„ ì´ˆê¸° ë‚ ì§œ ë³€í™˜ í•¨ìˆ˜.md
https://velog.io/@euisuk-chung/íŒŒì´ì¬-ë§ˆìŠ¤í„°í•˜ê¸°-GROUP-BY,íŒŒì´ì¬ ë§ˆìŠ¤í„°í•˜ê¸° : Group By í•¨ìˆ˜,success,2026-02-18 19:10:26.043660,926cf8b190988aa4a72cc2f82e0a63bf,_posts\2023\2023-05-09-íŒŒì´ì¬ ë§ˆìŠ¤í„°í•˜ê¸° _ Group By í•¨ìˆ˜.md
https://velog.io/@euisuk-chung/íŒŒì´ì¬-ë§ˆìŠ¤í„°í•˜ê¸°-apply-map-applymap-í•¨ìˆ˜,"íŒŒì´ì¬ ë§ˆìŠ¤í„°í•˜ê¸° : apply(), map(), applymap() í•¨ìˆ˜",success,2026-02-18 19:10:43.285438,a6544cf5969a5bc0f454da6529df99b6,"_posts\2023\2023-05-09-íŒŒì´ì¬ ë§ˆìŠ¤í„°í•˜ê¸° _ apply(), map(), applymap() í•¨ìˆ˜.md"
https://velog.io/@euisuk-chung/SPL-statsì™€-eventstats-ì°¨ì´ì -ì´í•´í•˜ê¸°,[SPL] statsì™€ eventstats ì°¨ì´ì  ì´í•´í•˜ê¸°,success,2026-02-18 19:11:08.818891,5d5a6dfbd68f792137b3dd80cf7ab179,_posts\2023\2023-05-08-[SPL] statsì™€ eventstats ì°¨ì´ì  ì´í•´í•˜ê¸°.md
https://velog.io/@euisuk-chung/Splunk-SPL-language,[SPL] Splunk & SPL ê°œìš”,success,2026-02-18 19:11:28.308134,8e4786911bf6320bbbda1b3e06a81add,_posts\2023\2023-05-08-[SPL] Splunk and SPL ê°œìš”.md
https://velog.io/@euisuk-chung/íŒŒì´ì¬-ì‹œê°í™”-ë§ˆìŠ¤í„°í•˜ê¸°-Pandas,íŒŒì´ì¬ ë§ˆìŠ¤í„°í•˜ê¸° : Pandas,success,2026-02-18 19:11:43.666068,4cbc647fa065577fd70590e495577f87,_posts\2023\2023-05-08-íŒŒì´ì¬ ë§ˆìŠ¤í„°í•˜ê¸° _ Pandas.md
https://velog.io/@euisuk-chung/íŒŒì´ì¬-ì‹œê°í™”-ë§ˆìŠ¤í„°í•˜ê¸°-Jupyter,íŒŒì´ì¬ ë§ˆìŠ¤í„°í•˜ê¸° : Jupyter,success,2026-02-18 19:12:03.824220,c844b8554ae532cbb29abc4a335ce138,_posts\2023\2023-05-08-íŒŒì´ì¬ ë§ˆìŠ¤í„°í•˜ê¸° _ Jupyter.md
https://velog.io/@euisuk-chung/íŒŒì´ì¬-ì‹œê°í™”-ë§ˆìŠ¤í„°í•˜ê¸°-Numpy,íŒŒì´ì¬ ë§ˆìŠ¤í„°í•˜ê¸° : Numpy,success,2026-02-18 19:12:18.448536,39a8bb91b086f9a89afe0c850ae81af5,_posts\2023\2023-05-08-íŒŒì´ì¬ ë§ˆìŠ¤í„°í•˜ê¸° _ Numpy.md
https://velog.io/@euisuk-chung/ê¹ƒGit-ì¶©ëŒ-ì‹œ-í•´ê²°-ë°©ë²•,[Git] Git ì¶©ëŒ ì‹œ í•´ê²° ë°©ë²•,success,2026-02-18 19:12:35.771911,4df6157b1ac04e2ee791a49128b7ecad,_posts\2023\2023-05-02-[Git] Git ì¶©ëŒ ì‹œ í•´ê²° ë°©ë²•.md
https://velog.io/@euisuk-chung/Git-Branchì—-ëŒ€í•œ-ì´í•´ì™€-í™œìš©,[Git] Git Branchì— ëŒ€í•œ ì´í•´ì™€ í™œìš©,success,2026-02-18 19:12:56.306364,65444cc832b7db0ffabb8076b63b718c,_posts\2023\2023-05-02-[Git] Git Branchì— ëŒ€í•œ ì´í•´ì™€ í™œìš©.md
https://velog.io/@euisuk-chung/ê¹ƒGitì„-í™œìš©í•œ-í˜‘ì—…-ë°©ë²•,[Git] ê¹ƒ(Git)ì„ í™œìš©í•œ í˜‘ì—… ë°©ë²•,success,2026-02-18 19:13:11.471658,7c4f032b78c2a509b3f2136dee850759,_posts\2023\2023-05-02-[Git] ê¹ƒ(Git)ì„ í™œìš©í•œ í˜‘ì—… ë°©ë²•.md
https://velog.io/@euisuk-chung/2.-ê¹ƒGitì„-í™œìš©í•œ-í”„ë¡œì íŠ¸-ê´€ë¦¬,[Git] ê¹ƒ(Git)ì„ í™œìš©í•œ í”„ë¡œì íŠ¸ ê´€ë¦¬,success,2026-02-18 19:13:24.671163,9b3bb30d7e2ae1652d28309e2abc8f4b,_posts\2023\2023-05-02-[Git] ê¹ƒ(Git)ì„ í™œìš©í•œ í”„ë¡œì íŠ¸ ê´€ë¦¬.md
https://velog.io/@euisuk-chung/1.-ê¹ƒGitì´ë€,[Git] ê¹ƒ(Git)ì´ë€?,success,2026-02-18 19:13:39.082923,2a9e7fcbba84bdd9b4d6935978999d33,_posts\2023\2023-05-02-[Git] ê¹ƒ(Git)ì´ë€_.md
https://velog.io/@euisuk-chung/ë¨¸ì‹ ëŸ¬ë‹ì°¨ì›ì¶•ì†Œ-ë³€ìˆ˜-ì¶”ì¶œë²•-Multi-Dimensional-Scaling-MDS,[ë¨¸ì‹ ëŸ¬ë‹][ì°¨ì›ì¶•ì†Œ] ë³€ìˆ˜ ì¶”ì¶œë²• - Multi-Dimensional Scaling (MDS),success,2026-02-18 19:13:53.174250,538a510c69323791d2731c007fbcd1d3,_posts\2021\2021-12-28-[ë¨¸ì‹ ëŸ¬ë‹][ì°¨ì›ì¶•ì†Œ] ë³€ìˆ˜ ì¶”ì¶œë²• - Multi-Dimensional Scaling (MDS).md
https://velog.io/@euisuk-chung/íŒŒì´í† ì¹˜-íŒŒì´í† ì¹˜ë¡œ-CNN-ëª¨ë¸ì„-êµ¬í˜„í•´ë³´ì-ResNetí¸,[íŒŒì´í† ì¹˜] íŒŒì´í† ì¹˜ë¡œ CNN ëª¨ë¸ì„ êµ¬í˜„í•´ë³´ì! (ResNetí¸),success,2026-02-18 19:14:08.337038,2cae820a8f3a19eab5a0f444b42c7a94,_posts\2021\2021-12-19-[íŒŒì´í† ì¹˜] íŒŒì´í† ì¹˜ë¡œ CNN ëª¨ë¸ì„ êµ¬í˜„í•´ë³´ì! (ResNetí¸).md
https://velog.io/@euisuk-chung/íŒŒì´í† ì¹˜-íŒŒì´í† ì¹˜ë¡œ-CNN-ëª¨ë¸ì„-êµ¬í˜„í•´ë³´ì-GoogleNetí¸,[íŒŒì´í† ì¹˜] íŒŒì´í† ì¹˜ë¡œ CNN ëª¨ë¸ì„ êµ¬í˜„í•´ë³´ì! (GoogleNetí¸),success,2026-02-18 19:14:25.602437,5dcd37c74a3caeb384380c4125644f72,_posts\2021\2021-11-28-[íŒŒì´í† ì¹˜] íŒŒì´í† ì¹˜ë¡œ CNN ëª¨ë¸ì„ êµ¬í˜„í•´ë³´ì! (GoogleNetí¸).md
https://velog.io/@euisuk-chung/íŒŒì´í† ì¹˜-íŒŒì´í† ì¹˜ë¡œ-CNN-ëª¨ë¸ì„-êµ¬í˜„í•´ë³´ì-VGGNetí¸,[íŒŒì´í† ì¹˜] íŒŒì´í† ì¹˜ë¡œ CNN ëª¨ë¸ì„ êµ¬í˜„í•´ë³´ì! (VGGNetí¸),success,2026-02-18 19:14:44.502287,bf3135b47d9887c38c94f48ac2dc8293,_posts\2021\2021-11-27-[íŒŒì´í† ì¹˜] íŒŒì´í† ì¹˜ë¡œ CNN ëª¨ë¸ì„ êµ¬í˜„í•´ë³´ì! (VGGNetí¸).md
https://velog.io/@euisuk-chung/íŒŒì´í† ì¹˜-íŒŒì´í† ì¹˜ë¡œ-CNN-ëª¨ë¸ì„-êµ¬í˜„í•´ë³´ì-ê¸°ì´ˆí¸-DataLoader-ì‚¬ìš©ë²•,[íŒŒì´í† ì¹˜] íŒŒì´í† ì¹˜ë¡œ CNN ëª¨ë¸ì„ êµ¬í˜„í•´ë³´ì! (ê¸°ì´ˆí¸ + DataLoader ì‚¬ìš©ë²•),success,2026-02-18 19:15:02.027989,a770caeeba3f20d974db86928a7c7d5d,_posts\2021\2021-11-26-[íŒŒì´í† ì¹˜] íŒŒì´í† ì¹˜ë¡œ CNN ëª¨ë¸ì„ êµ¬í˜„í•´ë³´ì! (ê¸°ì´ˆí¸ + DataLoader ì‚¬ìš©ë²•).md
https://velog.io/@euisuk-chung/ë¨¸ì‹ ëŸ¬ë‹ì°¨ì›ì¶•ì†Œ-ì´ìƒì¹˜-íƒì§€-ê¸°ë²•-ë°€ë„ê¸°ë°˜-ì´ìƒì¹˜-íƒì§€,[ë¨¸ì‹ ëŸ¬ë‹] ì´ìƒ íƒì§€ ê°œìš” ë° ë°€ë„ ê¸°ë°˜ ì´ìƒì¹˜íƒì§€,success,2026-02-18 19:15:31.823684,00c4e26a56f38f7d2ed3f4c7700bbe1d,_posts\2021\2021-11-21-[ë¨¸ì‹ ëŸ¬ë‹] ì´ìƒ íƒì§€ ê°œìš” ë° ë°€ë„ ê¸°ë°˜ ì´ìƒì¹˜íƒì§€.md
https://velog.io/@euisuk-chung/Paper-Review-An-Image-Is-Worth-16x16-Words-Transformers-for-Image-Recognition-at-Scale-Vision-Transformer,[Paper Review] An Image Is Worth 16x16 Words : Transformers for Image Recognition at Scale (Vision Transformer),success,2026-02-18 19:15:45.625457,1bb68a78035999124b12cb4801cf1214,_posts\2021\2021-11-07-[Paper Review] An Image Is Worth 16x16 Words _ Transformers for Image Recognition at Scale (Vision Transformer).md
https://velog.io/@euisuk-chung/Paper-Review-An-Architecture-Combining-Convolutional-Neural-NetworkCNN-and-Support-Vector-Machine-SVM-for-Image-Classification,[Paper Review] An Architecture Combining Convolutional Neural Network(CNN) and Support Vector Machine(SVM) for Image Classification,success,2026-02-18 19:15:58.362939,5c7951fac7b3b00608ae03b6a5ad5d58,_posts\2021\2021-11-01-[Paper Review] An Architecture Combining Convolutional Neural Network(CNN) and Support Vector Machine(SVM) for Image Classification.md
https://velog.io/@euisuk-chung/ì•Œê³ ë¦¬ì¦˜-ê·¸ë˜í”„,[ì•Œê³ ë¦¬ì¦˜] ê·¸ë˜í”„,success,2026-02-18 19:16:15.205278,df0df271e9a45ec5f1e7ebc29279265e,_posts\2021\2021-10-24-[ì•Œê³ ë¦¬ì¦˜] ê·¸ë˜í”„.md
https://velog.io/@euisuk-chung/ë¨¸ì‹ ëŸ¬ë‹ì‹œê³„ì—´-AR-MA-ARMA-ARIMAì˜-ëª¨ë“ -ê²ƒ-ì‹¤ìŠµí¸,"[ë¨¸ì‹ ëŸ¬ë‹][ì‹œê³„ì—´] AR, MA, ARMA, ARIMAì˜ ëª¨ë“  ê²ƒ - ì‹¤ìŠµí¸",success,2026-02-18 19:16:28.160227,a36318fbcdcdf7b9b527840c9bc51acf,"_posts\2021\2021-10-09-[ë¨¸ì‹ ëŸ¬ë‹][ì‹œê³„ì—´] AR, MA, ARMA, ARIMAì˜ ëª¨ë“  ê²ƒ - ì‹¤ìŠµí¸.md"
https://velog.io/@euisuk-chung/ë¨¸ì‹ ëŸ¬ë‹ì‹œê³„ì—´-AR-MA-ARMA-ARIMAì˜-ëª¨ë“ -ê²ƒ-ê°œë…í¸,"[ë¨¸ì‹ ëŸ¬ë‹][ì‹œê³„ì—´] AR, MA, ARMA, ARIMAì˜ ëª¨ë“  ê²ƒ - ê°œë…í¸",success,2026-02-18 19:16:45.816569,f3b76a6df88ffea65cfc4079b7af195a,"_posts\2021\2021-10-09-[ë¨¸ì‹ ëŸ¬ë‹][ì‹œê³„ì—´] AR, MA, ARMA, ARIMAì˜ ëª¨ë“  ê²ƒ - ê°œë…í¸.md"
https://velog.io/@euisuk-chung/ë¨¸ì‹ ëŸ¬ë‹ì°¨ì›ì¶•ì†Œ-ë³€ìˆ˜-ì¶”ì¶œë²•-Principal-Component-Analysis-PCA,[ë¨¸ì‹ ëŸ¬ë‹][ì°¨ì›ì¶•ì†Œ] ë³€ìˆ˜ ì¶”ì¶œë²• - Principal Component Analysis (PCA),success,2026-02-18 19:17:00.748947,41cc1783d64388f2477f63b1877f00fd,_posts\2021\2021-09-21-[ë¨¸ì‹ ëŸ¬ë‹][ì°¨ì›ì¶•ì†Œ] ë³€ìˆ˜ ì¶”ì¶œë²• - Principal Component Analysis (PCA).md
https://velog.io/@euisuk-chung/ë¨¸ì‹ ëŸ¬ë‹ì°¨ì›ì¶•ì†Œ-ë³€ìˆ˜-ì„ íƒë²•-16,[ë¨¸ì‹ ëŸ¬ë‹][ì°¨ì›ì¶•ì†Œ] ë³€ìˆ˜ ì„ íƒë²•,success,2026-02-18 19:17:13.673835,c0b3a04bb92dc80d60d14c7209eb7142,_posts\2021\2021-09-20-[ë¨¸ì‹ ëŸ¬ë‹][ì°¨ì›ì¶•ì†Œ] ë³€ìˆ˜ ì„ íƒë²•.md
https://velog.io/@euisuk-chung/íŒŒì´í† ì¹˜-íŒŒì´í† ì¹˜-ê¸°ì´ˆ-ìš”ì†Œ-Autogradë€,[íŒŒì´í† ì¹˜] íŒŒì´í† ì¹˜ ê¸°ì´ˆ ìš”ì†Œ (Autogradë€),success,2026-02-18 19:17:29.413950,5ffc67487687317028b6cb7f4e2b1a25,_posts\2021\2021-09-16-[íŒŒì´í† ì¹˜] íŒŒì´í† ì¹˜ ê¸°ì´ˆ ìš”ì†Œ (Autogradë€).md
https://velog.io/@euisuk-chung/íŒŒì´í† ì¹˜-ê¸°ì´ˆ-ìš”ì†Œ-í…ì„œí¸,[íŒŒì´í† ì¹˜] íŒŒì´í† ì¹˜ ê¸°ì´ˆ ìš”ì†Œ (í…ì„œí¸),success,2026-02-18 19:18:00.293365,c5c60d93a6512961d2a37b411f04280e,_posts\2021\2021-09-14-[íŒŒì´í† ì¹˜] íŒŒì´í† ì¹˜ ê¸°ì´ˆ ìš”ì†Œ (í…ì„œí¸).md
https://velog.io/@euisuk-chung/Paper-Review-Transferring-Inductive-Bias-Through-Knowledge-Distillation-33,[Paper Review] Transferring Inductive Bias Through Knowledge Distillation - (3/3),success,2026-02-18 19:18:13.393728,cf626f2a0df8318fd915f497d697acff,_posts\2021\2021-09-13-[Paper Review] Transferring Inductive Bias Through Knowledge Distillation - (3_3).md
https://velog.io/@euisuk-chung/ê°œë…-CPUì™€-GPU,"[ê°œë…] CPU, GPU, ê·¸ë¦¬ê³  GPU ì›ë¦¬",success,2026-02-18 19:18:28.321395,4bcfda9e23e81be3c893cbe8c56bed9f,"_posts\2021\2021-09-11-[ê°œë…] CPU, GPU, ê·¸ë¦¬ê³  GPU ì›ë¦¬.md"
https://velog.io/@euisuk-chung/Paper-Review-Visualizing-Data-using-t-SNE,[Paper Review] Visualizing Data using t-SNE,success,2026-02-18 19:18:43.349162,3fd8625ac0d4ee241ac62ef8e2e72aac,_posts\2021\2021-09-08-[Paper Review] Visualizing Data using t-SNE.md
https://velog.io/@euisuk-chung/Paper-Review-Transferring-Inductive-Bias-Through-Knowledge-Distillation-23,[Paper Review] Transferring Inductive Bias Through Knowledge Distillation - (2/3),success,2026-02-18 19:18:57.056860,7dbdf479313147c9ad9cf01c270011ee,_posts\2021\2021-08-27-[Paper Review] Transferring Inductive Bias Through Knowledge Distillation - (2_3).md
https://velog.io/@euisuk-chung/Paper-Review-Transferring-Inductive-Bias-Through-Knowledge-Distillation,[Paper Review] Transferring Inductive Bias Through Knowledge Distillation - (1/3),success,2026-02-18 19:19:11.076686,c10dd590d806358464d8195055bf89ee,_posts\2021\2021-08-15-[Paper Review] Transferring Inductive Bias Through Knowledge Distillation - (1_3).md
https://velog.io/@euisuk-chung/ê¸€ë˜-6ê¸°-ê¸€ì“°ëŠ”-ê°œë°œì-ëª¨ì„ì—-ì°¸ê°€í•˜ê²Œ-ë˜ì—ˆìŠµë‹ˆë‹¤,[ê¸€ë˜ 6ê¸°] ê¸€ì“°ëŠ” ê°œë°œì ëª¨ì„ì— ì°¸ê°€í•˜ê²Œ ë˜ì—ˆìŠµë‹ˆë‹¤!,success,2026-02-18 19:19:25.074168,beb6ab807b9392b34dd63f14de064813,_posts\2021\2021-07-26-[ê¸€ë˜ 6ê¸°] ê¸€ì“°ëŠ” ê°œë°œì ëª¨ì„ì— ì°¸ê°€í•˜ê²Œ ë˜ì—ˆìŠµë‹ˆë‹¤!.md
https://velog.io/@euisuk-chung/Inductive-Biasë€,[ë”¥ëŸ¬ë‹][ê°œë…ì •ë¦¬] Inductive Biasë€?,success,2026-02-18 19:19:39.275923,83feed3445a3d66bf0606a4faf5f82b7,_posts\2021\2021-06-06-[ë”¥ëŸ¬ë‹][ê°œë…ì •ë¦¬] Inductive Biasë€_.md
https://velog.io/@euisuk-chung/ê°œë…ì •ë¦¬-ìƒê´€ê´€ê³„-vs-ì¸ê³¼ê´€ê³„,[ê°œë…ì •ë¦¬] ìƒê´€ê´€ê³„ vs ì¸ê³¼ê´€ê³„,success,2026-02-18 21:17:39.103408,c3ddfa48eb6744928b45e5eee386b024,_posts\2024\2024-07-06-[ê°œë…ì •ë¦¬] ìƒê´€ê´€ê³„ vs ì¸ê³¼ê´€ê³„.md
https://velog.io/@euisuk-chung/íŒŒì´ì¬-ì‹œê°í™”-ë§ˆìŠ¤í„°í•˜ê¸°-ëŒë‹¤Lambda-í•¨ìˆ˜,íŒŒì´ì¬ ë§ˆìŠ¤í„°í•˜ê¸° : ëŒë‹¤(Lambda) í•¨ìˆ˜,success,2026-02-18 21:19:04.469235,53f6502b156dc5bbc9c87e2ed9f87b8b,_posts\2023\2023-05-09-íŒŒì´ì¬ ë§ˆìŠ¤í„°í•˜ê¸° _ ëŒë‹¤(Lambda) í•¨ìˆ˜.md
https://velog.io/@euisuk-chung/êµ¬ê¸€-Defying-Gravity-êµ¬ê¸€-Antigravity-ì–´ì„œì˜¤ê³ ,[êµ¬ê¸€] Defying Gravity~ êµ¬ê¸€ Antigravity ì–´ì„œì˜¤ê³ ğŸ‘‹,success,2026-02-18 21:21:34.347728,860870532faf65681bfe2727a8121c3d,_posts\2025\2025-11-25-[êµ¬ê¸€] Defying Gravity~ êµ¬ê¸€ Antigravity ì–´ì„œì˜¤ê³ ğŸ‘‹.md
https://velog.io/@euisuk-chung/Chromeì—ì„œ-ì¡°ì§ì—ì„œ-ê´€ë¦¬-ë¬¸êµ¬ê°€-ëœ¬ë‹¤ë©´,"Chromeì—ì„œ ""ì¡°ì§ì—ì„œ ê´€ë¦¬"" ë¬¸êµ¬ê°€ ëœ¬ë‹¤ë©´...ğŸ˜ˆ",success,2026-02-18 21:21:53.058705,7a83e0ad014cbacd04756cbbe3a485a5,_posts\2025\2025-11-06-Chromeì—ì„œ _ì¡°ì§ì—ì„œ ê´€ë¦¬_ ë¬¸êµ¬ê°€ ëœ¬ë‹¤ë©´...ğŸ˜ˆ.md
https://velog.io/@euisuk-chung/ë‚´ê°€-ë³´ë ¤ê³ -ì‘ì„±í•œ-pytest-ê°€ì´ë“œ,ğŸ§ª ë‚´ê°€ ë³´ë ¤ê³  ì‘ì„±í•œ pytest ê°€ì´ë“œ,success,2026-02-18 21:22:10.006848,de4c642f44b2ba4e98f5ff11be27b89f,_posts\2025\2025-08-26-ğŸ§ª ë‚´ê°€ ë³´ë ¤ê³  ì‘ì„±í•œ pytest ê°€ì´ë“œ.md
https://velog.io/@euisuk-chung/ë‚´ê°€-ë³´ë ¤ê³ -ì‘ì„±í•œ-args-kwargs-ê·¸ë¦¬ê³ -varsargs-íŒŒì´ì¬-í•¨ìˆ˜-ì¸ì-ì •ë¦¬,"ğŸ ë‚´ê°€ ë³´ë ¤ê³  ì‘ì„±í•œ *args, **kwargs, ê·¸ë¦¬ê³  **vars(args) íŒŒì´ì¬ í•¨ìˆ˜ ì¸ì ì •ë¦¬",success,2026-02-18 21:22:25.858291,2ca176a79779ec98babe5e5edb764960,"_posts\2025\2025-07-01-ğŸ ë‚´ê°€ ë³´ë ¤ê³  ì‘ì„±í•œ _args, _kwargs, ê·¸ë¦¬ê³  _vars(args) íŒŒì´ì¬ í•¨ìˆ˜ ì¸ì ì •ë¦¬.md"
https://velog.io/@euisuk-chung/êµ¬ê¸€-Google-IO-25-í‚¤ë…¸íŠ¸,[êµ¬ê¸€] Google I/O '25 í‚¤ë…¸íŠ¸ âœ¨,success,2026-02-18 21:22:44.614080,d195c032b66ff60877056e4a40688a70,_posts\2025\2025-05-21-[êµ¬ê¸€] Google I_O _25 í‚¤ë…¸íŠ¸ âœ¨.md
https://velog.io/@euisuk-chung/Codex-ì—°êµ¬-í”„ë¦¬ë·°-AI-ê°œë°œ-ì—ì´ì „íŠ¸ì˜-ì‹œëŒ€,ğŸ” Codex ì—°êµ¬ í”„ë¦¬ë·°: AI ê°œë°œ ì—ì´ì „íŠ¸ì˜ ì‹œëŒ€,success,2026-02-18 21:23:03.346617,a6fca912146b8bfd84c18651b5af4b09,_posts\2025\2025-05-18-ğŸ” Codex ì—°êµ¬ í”„ë¦¬ë·°_ AI ê°œë°œ ì—ì´ì „íŠ¸ì˜ ì‹œëŒ€.md
https://velog.io/@euisuk-chung/UV-ë‚´ê°€-ì°¸ê³ í•˜ë ¤ê³ -ì‘ì„±í•œ-UV-ê°€ì´ë“œ,ğŸ’» ë‚´ê°€ ë³´ë ¤ê³  ì‘ì„±í•œ UV ì™„ë²½ ê°€ì´ë“œ,success,2026-02-18 21:23:21.403482,30fa087bf693692f38c18867dacdf8b2,_posts\2025\2025-04-24-ğŸ’» ë‚´ê°€ ë³´ë ¤ê³  ì‘ì„±í•œ UV ì™„ë²½ ê°€ì´ë“œ.md
https://velog.io/@euisuk-chung/ê¿€íŒ-ì›¹ì‚¬ì´íŠ¸ë¥¼-ì•±ì²˜ëŸ¼-Win-ë‹¨ì¶•í‚¤ë¡œ-ì´ˆê°„í¸-ì‹¤í–‰í•˜ëŠ”-ê¿€íŒ,[ê¿€íŒ] ì›¹ì‚¬ì´íŠ¸ë¥¼ ì•±ì²˜ëŸ¼! + Win ë‹¨ì¶•í‚¤ë¡œ ì´ˆê°„í¸ ì‹¤í–‰í•˜ëŠ” ê¿€íŒ (ğŸ’» + ğŸ”¢),success,2026-02-18 21:23:33.619080,9ce214264764e6841fac9427f8a59c7f,_posts\2025\2025-04-17-[ê¿€íŒ] ì›¹ì‚¬ì´íŠ¸ë¥¼ ì•±ì²˜ëŸ¼! + Win ë‹¨ì¶•í‚¤ë¡œ ì´ˆê°„í¸ ì‹¤í–‰í•˜ëŠ” ê¿€íŒ (ğŸ’» + ğŸ”¢).md
https://velog.io/@euisuk-chung/GPT4o-ì´ë¯¸ì§€-ìƒì„±-ê¸°ëŠ¥-ì†Œê°œ-AI-ì´ë¯¸ì§€-ìƒì„±ì˜-ìƒˆë¡œìš´-ì‹œëŒ€,"OpenAI, GPTâ€‘4o ì´ë¯¸ì§€ ìƒì„± ê¸°ëŠ¥ ì†Œê°œ â€“ AI ì´ë¯¸ì§€ ìƒì„±ì˜ ìƒˆë¡œìš´ ì‹œëŒ€",success,2026-02-18 21:23:48.190213,8591b4abfe6c9c57fc1270af693fc0c8,"_posts\2025\2025-03-26-OpenAI, GPTâ€‘4o ì´ë¯¸ì§€ ìƒì„± ê¸°ëŠ¥ ì†Œê°œ â€“ AI ì´ë¯¸ì§€ ìƒì„±ì˜ ìƒˆë¡œìš´ ì‹œëŒ€.md"
https://velog.io/@euisuk-chung/Streamlit-ì†Œê°œ-ë°-í™œìš©-ê°€ì´ë“œ,[ê°œë…ì •ë¦¬] StreamlitğŸ‘‘ ì†Œê°œ ë° í™œìš© ê°€ì´ë“œ,success,2026-02-18 21:24:02.404468,0d1dd7a1ff6b133f1ac2e3061c493e7e,_posts\2025\2025-03-09-[ê°œë…ì •ë¦¬] StreamlitğŸ‘‘ ì†Œê°œ ë° í™œìš© ê°€ì´ë“œ.md
https://velog.io/@euisuk-chung/ì œ1íšŒ-AI-FC-AI-Fight-Club-ëŒ€íšŒ-ì†Œê°œ-ë°-ì°¸ì—¬í›„ê¸°,ì œ1íšŒ AI FC (AI Fight Club) ëŒ€íšŒ ì†Œê°œ ë° ì •ë³´ ê³µìœ ğŸ¥Š,success,2026-02-18 21:24:15.100110,0f44ee65b0bd6473c6b12f79654feb2b,_posts\2025\2025-01-05-ì œ1íšŒ AI FC (AI Fight Club) ëŒ€íšŒ ì†Œê°œ ë° ì •ë³´ ê³µìœ ğŸ¥Š.md
https://velog.io/@euisuk-chung/Prophetì„-í™œìš©í•œ-ì‹œê³„ì—´-ì˜ˆì¸¡,Prophetì„ í™œìš©í•œ ì‹œê³„ì—´ ì˜ˆì¸¡ğŸ”­,success,2026-02-18 21:24:32.559767,4bb43b6e4e10f89ad16da3a75eaa3a7a,_posts\2024\2024-07-12-Prophetì„ í™œìš©í•œ ì‹œê³„ì—´ ì˜ˆì¸¡ğŸ”­.md
https://velog.io/@euisuk-chung/ê¿€íŒ-Confluence-ë‹¨ì¶•í‚¤-ë¶ë§ˆí¬-ì¶”ì²œ,[ê¿€íŒ] Confluence ë‹¨ì¶•í‚¤ğŸ“– (ë¶ë§ˆí¬ ì¶”ì²œ!!),success,2026-02-18 21:24:50.578485,a4eaca17c49e52d15a403746e52da082,_posts\2024\2024-05-31-[ê¿€íŒ] Confluence ë‹¨ì¶•í‚¤ğŸ“– (ë¶ë§ˆí¬ ì¶”ì²œ!!).md
https://velog.io/@euisuk-chung/ê¿€íŒ-Notion-ë‹¨ì¶•í‚¤-ì™„ë²½-ê°€ì´ë“œ,[ê¿€íŒ] Notion ë‹¨ì¶•í‚¤ğŸ“– (ë¶ë§ˆí¬ ì¶”ì²œ!!),success,2026-02-18 21:25:06.455166,dd36630cc42bed1f165c4f89643ea85a,_posts\2024\2024-05-30-[ê¿€íŒ] Notion ë‹¨ì¶•í‚¤ğŸ“– (ë¶ë§ˆí¬ ì¶”ì²œ!!).md
https://velog.io/@euisuk-chung/Git-Credential-Helperë¡œ-GitHub-ì¸ì¦í•˜ê¸°,[Git] Credential Helperë¡œ GitHub ì¸ì¦í•˜ê¸° ğŸ”‘,success,2026-02-18 21:25:22.481570,d2314192fc411cd8a7fba575716dd46b,_posts\2024\2024-05-28-[Git] Credential Helperë¡œ GitHub ì¸ì¦í•˜ê¸° ğŸ”‘.md
https://velog.io/@euisuk-chung/Git-SSHë¡œ-GitHub-Repository-Clone,[Git] SSHë¡œ GitHub Repository Cloneí•˜ê¸° ğŸ”‘,success,2026-02-18 21:25:35.411265,a22adc6bfdc74897bf568d737a6a3535,_posts\2024\2024-05-28-[Git] SSHë¡œ GitHub Repository Cloneí•˜ê¸° ğŸ”‘.md
https://velog.io/@euisuk-chung/ì‚¬ì´íŠ¸-ì´ëª¨í‹°ì½˜ìœ¼ë¡œ-ê¸€ì—-ìƒëª…-ë¶ˆì–´ë„£ê¸°-EmojiCombos,[ì‚¬ì´íŠ¸] ì´ëª¨í‹°ì½˜ğŸ¤—ìœ¼ë¡œ ê¸€ì— ìƒëª… ë¶ˆì–´ë„£ê¸° : EmojiCombos,success,2026-02-18 21:25:56.034037,f02eee044867180a95e524c84046ef02,_posts\2024\2024-03-17-[ì‚¬ì´íŠ¸] ì´ëª¨í‹°ì½˜ğŸ¤—ìœ¼ë¡œ ê¸€ì— ìƒëª… ë¶ˆì–´ë„£ê¸° _ EmojiCombos.md
https://velog.io/@euisuk-chung/ë¨¸ì‹ ëŸ¬ë‹ì°¨ì›ì¶•ì†Œ-ì´ìƒì¹˜-íƒì§€-ê¸°ë²•-ê±°ë¦¬êµ°ì§‘ì„œí¬íŠ¸ë²¡í„°-ê¸°ë°˜-ì´ìƒì¹˜íƒì§€,[ë¨¸ì‹ ëŸ¬ë‹] ê±°ë¦¬â€¢êµ°ì§‘â€¢ì„œí¬íŠ¸ë²¡í„° ê¸°ë°˜ ì´ìƒíƒì§€ ê¸°ë²•,success,2026-02-18 21:26:19.201037,e8911bcfd3548e0d08fbddf7ee2aca75,_posts\2021\2021-11-21-[ë¨¸ì‹ ëŸ¬ë‹] ê±°ë¦¬â€¢êµ°ì§‘â€¢ì„œí¬íŠ¸ë²¡í„° ê¸°ë°˜ ì´ìƒíƒì§€ ê¸°ë²•.md
https://velog.io/@euisuk-chung/ê¿€íŒ-Velog-ê¸€ì”¨ë¥¼-ë‚´-ë§ˆìŒëŒ€ë¡œ-ìƒ‰ìƒ-í˜•ê´‘íœ,"[ê¿€íŒ] Velog ê¸€ì”¨ë¥¼ ë‚´ ë§ˆìŒëŒ€ë¡œ ë°”ê¿”ë³´ì! (ìƒ‰ìƒ, í˜•ê´‘íœ) ğŸ”†",success,2026-02-18 21:26:36.443383,1e057e2909fcc61b2da37397a23e611f,"_posts\2021\2021-09-15-[ê¿€íŒ] Velog ê¸€ì”¨ë¥¼ ë‚´ ë§ˆìŒëŒ€ë¡œ ë°”ê¿”ë³´ì! (ìƒ‰ìƒ, í˜•ê´‘íœ) ğŸ”†.md"
